stationID,site,study_area,Vegetation,camera,Block,SD,Year,xcoord,ycoord,Runtime,start,end,badger,boar,cats,dog,fox,marten,mouseweasel,racoon,stoat,allpredators,allpredators_without_dogs,badger_100,boar_100,cats_100,dog_100,fox_100,marten_100,mouseweasel_100,racoon_100,stoat_100,allpredators_100,allpredators_without_dogs_100,Wood_Dist,Water_Dist,Settl_Dist,Edge_Dist,Road_Dist,Wood_Area_500m,Ext_Area_500m,Arable_Area_500m,Settl_Area_500m,Water_Area_500m,Edge_Area_500m,Road_Density_500m,Border_Length_500m,Hab_Div_500m,Mean_Field_500m,Water_Area_1km,Water_Area_2.5km,Settl_Area_1km,Settl_Area_2.5km,Forest_Area_500m,Forest_Area_1km,Forest_Area_2.5km,Arable_Area_1km,Arable_Area_2.5km,Grass_Area_500m,Grass_Area_1km,Grass_Area_2.5km
D_B1 1 1 1 S19,D_B1,D,B,1,1,1,S19,565309.8725,5705259.016,29359,03/05/2019 10:58,23/05/2019 20:17,0,0,0,0,3,0,0,0,0,3,3,0,0,0,0,14.71439763,0,0,0,0,14.71439763,14.71439763,28.13087963,307.9475982,303.5004991,20.96520277,291.6105001,0.839563309,3.851003089,67.41901412,2.077996708,0.586973155,4.897318094,0.879199738,13.63369227,1.84494092,26383.81698,1.408334939,25.83175404,7.650293585,300.3553455,0,0.018704041,34.60664011,264.6907029,1290.977912,0,11.02833694,123.8656723
D_B1 45 42 2 S20,D_B1,D,B,45,2,42,S20,565320.62,5705330.34,30085,23/05/2020 14:00,13/06/2020 11:25,0,0,0,1,3,0,0,1,0,5,4,0,0,0,4.786438424,14.35931527,0,0,4.786438424,0,23.93219212,19.1457537,24.89093603,362.0653444,308.8666755,16.35202808,305.4915296,0.704450511,3.367675063,68.76887157,1.261742137,0.49284049,4.841051933,0.868675941,13.35946607,1.779240519,25530.34143,1.367198801,25.8011718,8.209544671,317.9011958,0,0,33.65598259,262.3371214,1272.610411,0,11.55412934,125.3704864
D_B2 15 52 2 S19,D_B2,D,B,15,2,52,S19,567028.412,5705717.409,31702,22/05/2019 09:39,13/06/2019 10:01,0,0,0,0,0,0,0,4,0,4,4,0,0,0,0,0,0,0,18.16920068,0,18.16920068,18.16920068,16.97085967,1614.463214,561.8897917,16.03188153,663.4407241,9.884354504,11.16602704,56.91473281,0,0,2.973256479,0,11.4991834,1.767218435,32290.03451,0,4.478744947,6.129925975,397.5210809,0,0,221.3580889,242.6029325,1057.581113,5.342866946,24.94950713,131.7047867
D_B2 21 45_4 4 S20,D_B2,D,B,21,4,45_4,S20,567090.8795,5705744.817,33310,06/07/2020 11:30,29/07/2020 14:46,0,0,0,0,0,0,0,0,0,0,0,0,0,0,0,0,0,0,0,0,0,0,55.05995297,1613.117659,588.1314052,54.18470476,599.6700243,10.82009149,11.03582481,55.1752744,0,0,2.89780743,0,11.56159759,1.660991506,34963.35248,0,4.633185204,6.637099452,403.6676879,0,0,229.7453456,242.0153164,1040.150624,6.134378287,24.90011284,131.2477568
D_B3 16 16 1 S19,D_B3,D,B,16,1,16,S19,566879.223,5704777.894,30310,29/04/2019 15:01,20/05/2019 16:11,2,0,0,0,1,0,0,0,0,3,3,9.501814583,0,0,0,4.750907291,0,0,0,0,14.25272187,14.25272187,167.9844993,797.4456113,688.0287894,148.4674605,723.3049721,0.596875894,14.44819794,74.24720801,0,0,2.068146152,0,8.329135208,0.729986933,35273.41326,1.274736763,8.141304174,10.07129765,186.4606011,0,0,108.9522959,238.6724698,1317.003536,0.41350852,30.52167593,155.3071624
D_B3 23 13 1 S20,D_B3,D,B,23,1,13,S20,566923.4195,5704706.734,30149,29/04/2020 11:02,20/05/2020 09:31,0,0,0,0,2,0,0,0,0,2,2,0,0,0,0,9.55255564,0,0,0,0,9.55255564,9.55255564,121.2077897,737.9160795,608.7512265,94.22398385,646.4315923,0.601915498,12.82073349,74.37032034,0,0,2.000772747,0,8.440239803,1.707913302,38522.95797,1.37858573,8.82394178,13.02437837,174.9892271,0,0,106.5691046,228.2221348,1322.713883,0.306572248,34.80242294,156.7527852
D_B4 35 36 3 S20,D_B4,D,B,35,3,36,S20,566583.1364,5704348.891,23225,14/06/2020 10:55,30/06/2020 14:00,1,0,0,0,0,0,0,0,0,1,1,6.200215285,0,0,0,0,0,0,0,0,6.200215285,6.200215285,162.2658008,333.7014752,819.6819112,94.88110694,850.5053631,10.97612461,27.03579231,49.64719094,0,0.594703597,1.754839008,0,12.47690415,1.880044407,30679.0696,1.566458704,13.458193,4.011932883,147.3835607,0,6.896898254,52.72391539,226.781231,1395.842839,14.162022,37.85585717,148.5665964
D_B4 5 5 1 S19,D_B4,D,B,5,1,5,S19,566588.2059,5704385.997,32931,28/04/2019 13:07,21/05/2019 09:58,1,0,0,0,1,0,0,0,0,2,2,4.372779448,0,0,0,4.372779448,0,0,0,0,8.745558896,8.745558896,176.3173412,371.1488165,816.2574367,62.51916193,848.0530325,10.5341186,24.76642176,52.09481762,0,0.537435911,1.81119251,0,12.04566513,1.591401557,30871.43467,1.55628411,13.44702316,4.158474639,149.4384888,0,5.41628226,53.79961445,230.0902661,1397.076442,12.61198746,35.55683099,149.1098595
D_B5 15 56 3 S20,D_B5,D,B,15,3,56,S20,566149.7873,5704718.964,28755,16/06/2020 13:15,06/07/2020 12:30,0,0,0,0,1,0,0,0,0,1,1,0,0,0,0,5.007824726,0,0,0,0,5.007824726,5.007824726,19.71262423,546.6472563,668.6832628,10.61561776,804.2624354,2.701808772,19.67601704,57.04658939,0,0,2.879281788,0,12.32075726,1.451035727,36645.839,1.469351859,17.17635039,1.918919746,201.2205949,0,2.524445188,45.30049067,238.559274,1358.963238,14.25645513,31.49314648,139.8817423
D_B5 2 2 1 S19,D_B5,D,B,2,1,2,S19,566149.7873,5704718.964,32950,28/04/2019 11:52,21/05/2019 09:02,0,0,0,0,2,0,0,0,0,2,2,0,0,0,0,8.740515933,0,0,0,0,8.740515933,8.740515933,19.71262239,546.6472547,668.6832672,10.6156158,804.2624398,2.701808866,18.44602881,57.2783087,0,0,2.879281763,0,12.32075729,1.417592732,36150.07317,1.469351859,17.1763502,1.918919746,201.2205944,0,2.524445211,45.30049069,239.2367666,1362.650519,13.07555502,29.78728846,140.500593
D_B6 10 52 4 S19,D_B6,D,B,10,4,52,S19,568029.6987,5703770.477,30286,10/07/2019 10:18,31/07/2019 11:04,0,15,0,0,3,0,0,0,0,18,18,0,71.32008189,0,0,14.26401638,0,0,0,0,85.58409826,85.58409826,120.546502,525.3878369,229.0449263,0.939172817,126.4077734,0.297382066,5.171096837,62.5811898,7.985329394,0,2.297222924,0.892614097,9.571750715,1.475816184,29563.17473,1.671045828,7.241871152,58.73768312,134.1182749,0,0.257446893,345.4973678,203.5351236,1136.486742,4.067473611,22.47814843,159.7097146
D_B6 12 44 1 S20,D_B6,D,B,12,1,44,S20,567961.3437,5703847.799,30128,29/04/2020 11:33,20/05/2020 09:41,1,0,3,0,1,0,0,0,0,5,5,4.77960701,0,14.33882103,0,4.77960701,0,0,0,0,23.89803505,23.89803505,101.910547,426.7641923,125.8401469,1.594446908,79.39765729,0.519693066,6.65177223,55.6831554,12.42586592,0.265663832,2.318344801,1.289459235,10.21578248,2.042267966,28046.53851,1.715427889,7.546253626,55.99720082,133.9355028,0,0.111901445,313.9347191,202.2510142,1155.18614,5.054541491,24.23299644,161.6956766
D_B7 34 4 3 S19,D_B7,D,B,34,3,4,S19,566777.8727,5703284.651,31489,12/06/2019 13:05,04/07/2019 09:54,0,0,0,0,0,0,0,10,0,10,10,0,0,0,0,0,0,0,45.73025501,0,45.73025501,45.73025501,32.98645673,635.4312546,626.5242179,5.918887981,421.3981169,0.227292962,4.724558935,68.99663037,0,0,2.228885502,0.316171328,9.888841951,1.363929756,31707.12324,1.497484134,15.02129622,0.85269147,157.7412351,0,32.09982532,108.7368223,188.5286561,1344.640107,4.234805076,49.79255374,144.5437596
D_B7 35 48 2 S20,D_B7,D,B,35,2,48,S20,566771.9819,5703267.779,30161,23/05/2020 11:05,13/06/2020 09:46,0,0,0,0,0,0,0,0,0,0,0,0,0,0,0,0,0,0,0,0,0,0,43.76931029,617.5672931,612.3191487,5.758882878,404.2713336,0.156139955,5.396361647,69.60565015,0,0,2.219864258,0.346934717,9.800665854,1.548366066,32616.6579,1.486727452,15.12746886,0.85269147,159.4568167,0,32.76894915,109.8599445,187.6945726,1339.917109,3.784817906,48.80391255,143.5000984
D_B8 10 10 1 S19,D_B8,D,B,10,1,10,S19,563863.5782,5705828.141,31488,29/04/2019 12:00,21/05/2019 08:48,0,0,1,2,2,0,0,0,0,5,3,0,0,4.573170732,9.146341463,9.146341463,0,0,0,0,22.86585366,13.7195122,201.5037681,249.5786177,395.0063503,5.125654742,494.1291515,1.709307674,4.065121081,64.90823802,0.553266622,2.86728567,2.151237284,0.028032743,10.86262884,1.779796582,44096.29634,16.77457616,48.5065673,42.11260175,455.1135341,0,0.293631334,23.65462636,215.5321192,1147.492317,3.273970261,9.404927888,80.24692153
D_B8 47 38 2 S20,D_B8,D,B,47,2,38,S20,563885.7758,5706008.555,28634,23/05/2020 15:35,12/06/2020 12:49,0,0,0,0,1,0,0,4,0,5,5,0,0,0,0,5.02898652,0,0,20.11594608,0,25.1449326,25.1449326,162.2623435,164.6802455,475.7920123,2.655477888,517.0125906,1.803735539,4.684557699,67.82357859,0.099115541,1.555859457,2.433062978,0,10.71731649,1.48551185,44393.28563,11.9519025,48.38789992,50.67585023,514.1147811,0,0,23.39643002,214.2774193,1073.924134,3.840718854,8.491904452,80.7068335
D_E1 44 31 3 S20,D_E1,D,E,44,3,31,S20,564647.5139,5706096.034,25588,14/06/2020 16:42,02/07/2020 11:10,0,0,0,0,0,0,0,0,0,0,0,0,0,0,0,0,0,0,0,0,0,0,204.9609502,522.0676483,410.8475171,0,426.8991943,0.547034498,0.062508722,72.07624985,0.626630102,0,2.7542726,0.304854336,7.314799073,1.062360632,51494.70791,2.463454105,46.33558829,8.127725112,612.4754617,0,0,23.65462636,257.8934584,1005.041963,0.062508722,18.41525682,98.90910621
D_E1 8 8 1 S19,D_E1,D,E,8,1,8,S19,564647.5139,5706096.034,31568,29/04/2019 10:29,21/05/2019 08:37,1,0,0,1,3,0,0,0,0,5,4,4.561581348,0,0,4.561581348,13.68474404,0,0,0,0,22.80790674,18.24632539,204.9609501,522.0676456,410.8475162,0,426.8991969,0.547034498,0.177295731,73.14894432,0.626630124,0,2.75427259,0.30485433,7.314799043,1.37511055,49787.41146,2.46345413,46.3355883,8.127725055,612.4754614,0,0,23.65462636,259.4547874,1007.097015,0.062508706,18.38932973,98.36518879
D_E2 19 36 3 S19,D_E2,D,E,19,3,36,S19,569210.3773,5705013.875,27436,12/06/2019 14:10,01/07/2019 15:26,2,0,0,0,16,0,0,0,0,18,18,10.49715702,0,0,0,83.97725616,0,0,0,0,94.47441318,94.47441318,12.42400016,434.9377873,287.3651348,0,203.8551163,1.740435651,0.559685553,65.34611289,1.711025384,0.327605705,4.063584926,1.507551295,11.66284654,1.047270952,32169.96914,1.956140889,5.720848541,44.10050726,135.6684787,0.790920054,31.36825193,604.5669325,189.6916937,949.7854512,0.559685553,20.35455229,137.0222641
D_E2 24 51 3 S20,D_E2,D,E,24,3,51,S20,569210.3773,5705013.875,31648,14/06/2020 11:25,06/07/2020 10:53,0,0,0,0,2,0,0,0,1,3,3,0,0,0,0,9.100101112,0,0,0,4.550050556,13.65015167,13.65015167,12.42399826,434.9377903,287.3651332,0,203.8551158,1.740435606,0.583207891,65.13093633,1.711025394,0.327605697,4.063584921,1.507551295,11.6628465,1.939436812,30256.89044,1.956140889,5.72084854,44.10050729,135.6684786,0.790920015,31.36825199,604.5669329,187.5912738,945.3038335,0.536437482,20.43464843,134.1729342
D_E3 46 3xx 1 S20,D_E3,D,E,46,1,3xx,S20,565731.7572,5700173.625,30051,29/04/2020 13:36,20/05/2020 10:27,0,0,0,1,4,0,0,0,0,5,4,0,0,0,4.791853848,19.16741539,0,0,0,0,23.95926924,19.16741539,171.9290467,0.317382335,497.8328867,0,125.2216701,0.04211636,1.567679037,72.18376012,0.003979573,0.506215249,2.513894177,0.582287463,10.98106241,0.74464133,59919.27992,2.025523273,21.77553018,26.13209109,161.0518337,0,1.470648361,399.8610324,256.3267653,1122.867646,0.89882422,9.620082744,112.9798541
D_E3 5 51 2 S19,D_E3,D,E,5,2,51,S19,566948.6475,5700638.052,24296,22/05/2019 11:31,08/06/2019 08:27,0,0,0,0,0,0,0,0,0,0,0,0,0,0,0,0,0,0,0,0,0,0,27.78631884,284.9059242,405.9289998,0,354.6966682,7.597451007,4.408374323,63.38584682,0.663489297,0.31661167,2.018353639,0.086776768,9.725777171,1.659547861,40252.39966,1.303492011,16.36506386,18.73490829,108.5738027,6.496497666,85.32608387,745.4657042,170.8207194,882.4397808,4.168905051,21.26033223,95.2022221
D_E4 13 13 1 S19,D_E4,D,E,13,1,13,S19,564123.3546,5699773.527,31585,29/04/2019 13:09,21/05/2019 11:34,0,0,0,17,0,0,0,0,0,17,0,0,0,0,77.50514485,0,0,0,0,0,77.50514485,0,290.6571512,275.0030095,554.7823726,0,562.8980143,0.498995936,4.276359935,68.3650434,0,1.12695713,3.410169275,0,10.85166665,1.031888547,32265.74144,7.508821589,25.17711793,23.03320875,209.8156944,0,0,100.8330497,221.0257614,1372.170642,4.033787675,23.76732174,90.11360443
D_E4 24 32 2 S20,D_E4,D,E,24,2,32,S20,564123.3546,5699773.527,29835,23/05/2020 16:45,13/06/2020 10:00,0,0,0,17,2,0,0,0,0,19,2,0,0,0,82.05128205,9.653092006,0,0,0,0,91.70437406,9.653092006,290.6571556,275.0030138,554.7823688,0,562.8980093,0.498995916,4.252392653,68.28472412,0,1.126957102,3.410169257,0,10.85166669,1.489779159,32189.71773,7.508821498,25.17711793,23.03320886,209.8156945,0,0,100.8330499,220.6676168,1371.067815,4.068281278,24.06619179,91.03391272
D_G1 32 67 2 S20,D_G1,D,G,32,2,67,S20,566094.2847,5705863.118,30131,23/05/2020 13:00,13/06/2020 11:11,0,0,0,0,0,0,0,0,0,0,0,0,0,0,0,0,0,0,0,0,0,0,216.6368659,1291.164533,96.71987077,96.14962307,780.7290358,0.300734921,4.387035767,69.06045758,4.885786288,0,2.638787717,0,10.79139593,1.197176519,46416.4353,0,8.430185493,27.03768101,461.9110114,0,0,88.45800802,250.6376961,1107.096587,0,10.53387831,143.0854
D_G1 9 66 2 S19,D_G1,D,G,9,2,66,S19,566094.2847,5705863.118,31481,23/05/2019 13:38,14/06/2019 10:19,0,0,0,0,1,0,0,0,0,1,1,0,0,0,0,4.574187605,0,0,0,0,4.574187605,4.574187605,216.6368638,1291.164534,96.71987291,96.14962521,780.7290364,0.30073492,4.384503887,69.21022258,4.885786294,0,2.638787717,0,10.79139593,1.449401116,44813.44751,0,8.430185437,27.03768099,461.9110114,0,0,88.45800834,250.8577093,1111.248648,0,10.1942442,141.7396862
D_G2 3 52 1 S20,D_G2,D,G,3,1,52,S20,567530.6967,5705853.53,30194,29/04/2020 09:20,20/05/2020 08:34,1,0,0,0,1,0,0,0,0,2,2,4.769159436,0,0,0,4.769159436,0,0,0,0,9.538318871,9.538318871,70.05097864,1523.575341,784.6221473,65.9820372,248.9469635,10.54916405,13.23461544,51.95950524,0,0,2.502263896,0.490679727,11.07257171,1.554191004,36976.62968,0,4.833132934,3.415745039,412.9281278,0,3.31567537,327.9752123,231.9306503,949.6596381,9.5080511,33.48017006,123.8297903
D_G2 35 7 4 S19,D_G2,D,G,35,4,7,S19,568666.2074,5705029.742,28742,06/07/2019 09:52,26/07/2019 08:54,0,0,0,0,0,0,0,0,0,0,0,0,0,0,0,0,0,0,0,0,0,0,135.3187497,554.6301513,251.0916224,125.9966869,266.6588105,1.816534056,6.746291132,55.69021181,6.069788131,0,3.554716323,1.475694944,12.09296503,1.469532133,26890.97927,1.582109436,5.63014082,36.59605036,155.2253804,1.23406576,24.46890016,481.1869859,184.5246767,1032.299498,6.746291132,40.29156914,140.7530024
D_G3 13 31 2 S20,D_G3,D,G,13,2,31,S20,570891.5653,5706232.556,30137,23/05/2020 10:30,13/06/2020 08:47,0,1,0,0,0,0,0,0,0,1,1,0,4.778179646,0,0,0,0,0,0,0,4.778179646,4.778179646,109.6082248,318.6991612,510.3769043,65.70663876,88.61469377,4.099848874,1.323107754,66.54971101,0,0.305702469,3.305163067,0.670072514,13.89742789,1.50251195,30432.03941,0.794540882,5.404738624,22.67025316,109.7785955,2.963460988,72.38122359,962.4992771,168.0798036,679.1601839,1.323107754,24.41589136,105.8451258
D_G3 17 17 1 S19,D_G3,D,G,17,1,17,S19,567201.9085,5704530.328,31352,29/04/2019 15:18,21/05/2019 09:50,0,0,0,0,1,0,0,0,0,1,1,0,0,0,0,4.593008421,0,0,0,0,4.593008421,4.593008421,139.4675066,494.5823563,282.6539382,137.1823445,319.9213227,0.422919648,3.272542311,65.90386971,6.897168837,0.066702762,2.025535959,0.502004926,8.915596754,1.378078557,37944.52493,1.445881024,8.831370647,33.36119493,140.9397898,0,0,139.1085954,209.2575803,1316.849611,1.20772588,36.86879448,162.2202597
D_G4 12 12 1 S19,D_G4,D,G,12,1,12,S19,564053.5572,5704023.195,31547,29/04/2019 12:44,21/05/2019 10:31,0,0,0,0,0,0,0,0,0,0,0,0,0,0,0,0,0,0,0,0,0,0,68.00369464,123.1462779,226.0963617,64.78536594,356.2633232,1.381540658,2.739841364,67.45978938,4.157302609,1.12094926,2.726350082,0.445560554,8.737821078,1.946462186,41211.90239,5.452538419,36.51496325,23.02884084,130.9142912,0,0.507697092,72.98638122,257.8965076,1489.585135,0.786317431,2.688773751,48.76703571
D_G4 37 23 3 S20,D_G4,D,G,37,3,23,S20,564053.5572,5704023.195,21571,14/06/2020 15:10,29/06/2020 14:41,0,0,0,0,0,0,0,0,0,0,0,0,0,0,0,0,0,0,0,0,0,0,68.00369896,123.146278,226.0963657,64.78537026,356.2633187,1.381540651,2.741819235,67.49708971,4.157302775,1.120949258,2.726350075,0.445560563,8.737821063,1.604798927,45965.91998,5.452538311,36.51496325,23.02884111,130.914291,0,0.507697092,72.98638148,257.7199121,1482.755714,0.871387719,2.76015617,48.64251509
D_G5 14 32 3 S20,D_G5,D,G,14,3,32,S20,565561.8357,5703460.475,31333,14/06/2020 14:45,06/07/2020 08:58,2,0,0,0,14,0,0,1,0,17,17,9.191587145,0,0,0,64.34111001,0,0,4.595793572,0,78.12849073,78.12849073,84.72284408,751.8101456,778.9601069,81.47098194,456.0230345,17.36896484,0.134646238,58.26536532,0,0,1.469544401,0.224405027,6.083232492,0.96440384,77925.04339,7.339195989,24.86253971,5.027721211,96.83654046,16.93491407,36.96641433,48.16619458,217.8772382,1501.928576,0,14.98509757,92.96612104
D_G5 31 20 3 S19,D_G5,D,G,31,3,20,S19,566434.0928,5703462.675,22393,12/06/2019 11:30,28/06/2019 00:43,0,3,0,0,0,0,0,0,0,3,3,0,19.29174296,0,0,0,0,0,0,0,19.29174296,19.29174296,224.3451414,538.8667219,556.0857368,67.85782428,585.0885012,12.15579358,9.689191903,59.7907661,0,0,1.312216505,0,7.223963041,1.65469836,37891.92048,1.955655196,16.57529322,0.32731325,161.2933919,12.03643423,38.70834568,60.37585253,184.500826,1406.528976,4.234961403,44.89551862,127.5187108
D_G6 14 14 1 S19,D_G6,D,G,14,1,14,S19,565181.1589,5699538.482,31531,29/04/2019 13:28,21/05/2019 10:59,0,0,0,0,0,0,0,0,0,0,0,0,0,0,0,0,0,0,0,0,0,0,140.6430034,829.4362547,341.6233604,121.6623,124.9192357,0.231954509,0.845625914,68.59610968,5.808235668,0,2.039431309,1.029561778,7.28107953,0.867996259,52580.22021,0.485226178,22.08767713,56.99921238,183.0826609,0,0.519478485,335.3058022,232.6451945,1159.99907,0.391967823,4.966592754,116.2616415
D_G6 2 19 3 S20,D_G6,D,G,2,3,19,S20,565181.1589,5699538.482,14215,14/06/2020 13:33,24/06/2020 10:28,0,0,0,0,0,0,0,0,0,0,0,0,0,0,0,0,0,0,0,0,0,0,140.6430058,829.4362532,341.6233631,121.6623016,124.9192373,0.231954514,0.858789545,68.59140511,5.808235502,0,2.039431319,1.029561753,7.281079543,0.739674666,52575.02572,0.485226179,22.08767711,56.99921212,183.0826611,0,0.519478485,335.3058014,232.6003869,1158.793751,0.392221604,4.910663636,116.9755884
D_H1 40 38 3 S20,D_H1,D,H,40,3,38,S20,567357.5652,5706678.594,32028,14/06/2020 08:28,06/07/2020 14:16,3,14,0,0,5,0,0,5,0,27,27,13.48819783,62.94492319,0,0,22.48032971,0,0,22.48032971,0,121.3937804,121.3937804,0,2110.715735,286.1020982,0,262.8829908,11.818726,15.9998875,34.51146097,16.19746846,0,2.17714966,1.57413691,9.982790378,2.011751913,32785.65507,0,1.71185745,84.56355643,528.9085923,9.173460564,58.39670394,530.8019698,119.3785206,720.9673699,8.98566251,19.14154461,84.07609387
D_H1 40 64 2 S19,D_H1,D,H,40,2,64,S19,567357.5652,5706678.594,31704,22/05/2019 08:41,13/06/2019 09:05,1,0,0,0,1,0,0,0,0,2,2,4.542013626,0,0,0,4.542013626,0,0,0,0,9.084027252,9.084027252,0,2110.715738,286.1020941,0,262.8829878,11.81872583,17.11622677,35.63757941,16.1974686,0,2.177149662,1.574136921,9.98279039,2.100269729,32598.87813,0,1.711857453,84.56355671,528.9085926,9.173460374,58.39670349,530.8019684,119.9544933,723.6589381,8.98566053,19.10393635,84.55920823
D_H10 10 27 3 S20,D_H10,D,H,10,3,27,S20,565920.8223,5702288.794,31389,14/06/2020 14:10,06/07/2020 09:19,1,7,5,1,3,0,0,1,0,18,17,4.58759438,32.11316066,22.9379719,4.58759438,13.76278314,0,0,4.58759438,0,82.57669884,77.98910446,0,256.713279,656.3785654,0,567.6908423,14.88333491,0.533175398,51.00645494,0,6.350681521,1.474561655,0,7.656253744,1.465912301,39459.09106,8.595675643,22.34265275,0.432710855,167.7419848,9.523058809,18.30936896,113.7058543,233.7468391,1338.589705,0.533175398,14.54716958,124.5063685
D_H10 6 27 3 S19,D_H10,D,H,6,3,27,S19,565920.8223,5702288.794,36086,12/06/2019 10:41,07/07/2019 12:07,3,1,0,0,13,2,0,0,0,19,19,11.97140165,3.990467217,0,0,51.87607382,7.980934434,0,0,0,75.81887713,75.81887713,0,256.7132803,656.3785702,0,567.6908461,14.88333469,1.940623366,50.94424438,0,6.350681558,1.474561663,0,7.656253758,1.413059746,38162.88814,8.595675643,22.34265277,0.432710855,167.7419849,9.523058581,18.30936887,113.7058542,233.950171,1343.025569,1.940623366,15.76290823,122.1366162
D_H11 26 35 1 S20,D_H11,D,H,26,1,35,S20,564692.9251,5700583.795,30081,29/04/2020 12:56,20/05/2020 10:17,2,0,0,0,8,0,0,0,0,10,10,9.574149796,0,0,0,38.29659918,0,0,0,0,47.87074898,47.87074898,0,94.16778441,440.8995291,7.264472599,142.5168342,2.27189114,17.13859909,51.68811632,0.183118209,1.903611896,3.893393475,0.670062013,11.81873572,1.589244086,43025.65012,5.062366582,31.64135249,20.09107161,222.8177322,0,0,93.54730548,231.029065,1352.649337,16.54395602,30.16526268,92.12119694
D_H11 27 67.2 2 S19,D_H11,D,H,27,2,67.2,S19,564697.9462,5700582.413,31680,21/05/2019 10:39,12/06/2019 10:39,0,0,0,0,2,0,0,1,0,3,3,0,0,0,0,9.090909091,0,0,4.545454545,0,13.63636364,13.63636364,0,95.99742081,442.0917,2.211683649,137.3769861,2.261895427,16.57681905,52.10841845,0.176545413,1.882898333,3.910165973,0.673879084,11.83829388,1.730595563,41655.23726,5.049792106,31.63196768,19.84903373,222.6411995,0,0,93.66751808,231.8421998,1354.46616,15.81122889,29.61664411,92.45084976
D_H2 1 69 4 S19,D_H2,D,H,1,4,69,S19,567799.034,5706193.828,30312,10/07/2019 09:37,31/07/2019 10:49,2,14,3,0,1,5,0,4,0,29,29,9.501187648,66.50831354,14.25178147,0,4.750593824,23.75296912,0,19.0023753,0,137.7672209,137.7672209,0,1659.502402,763.117328,0,176.5662894,6.0422645,7.273414371,61.44792307,0,0,3.042122711,0.585433934,11.33908254,1.829056255,52335.66058,0,3.685494919,6.371187873,435.351884,0,54.92160297,486.6096549,183.9431555,826.3416136,5.469706962,31.05621918,95.56533579
D_H2 10 40 2 S20,D_H2,D,H,10,2,40,S20,567799.034,5706193.828,30903,23/05/2020 09:10,13/06/2020 20:13,0,3,0,0,3,5,0,0,0,11,11,0,13.97922532,0,0,13.97922532,23.29870886,0,0,0,51.2571595,51.2571595,0,1659.5024,763.1173299,0,176.5662898,6.042264474,7.107454981,61.35184094,0,0,3.042122709,0.585433934,11.33908254,1.0676141,52092.75324,0,3.685494936,6.371187739,435.3518836,0,54.92160316,486.6096551,183.36951,823.3659146,5.501312087,29.93429721,93.95781405
D_H3 3 3 1 S19,D_H3,D,H,3,1,3,S19,566927.6193,5705557.407,32950,28/04/2019 12:22,21/05/2019 09:32,0,0,0,0,0,0,0,0,0,0,0,0,0,0,0,0,0,0,0,0,0,0,0,1506.04869,636.5811409,0.036429269,847.9196465,4.505160348,13.07222892,64.70490676,0,0,3.320534038,0,12.10372898,1.603046163,30617.65685,0,4.506742075,1.49673359,351.7714592,0,0,200.4159499,251.0293065,1121.200106,2.915121305,23.22580685,130.7605934
D_H3 4 54 3 S20,D_H3,D,H,4,3,54,S20,566899.3424,5705576.785,31797,14/06/2020 09:42,06/07/2020 11:39,0,0,1,0,1,0,0,0,0,2,2,0,0,4.528729125,0,4.528729125,0,0,0,0,9.057458251,9.057458251,0,1535.767479,606.8699671,0.090359603,853.9543373,4.668568177,10.01315006,66.09663048,0,0,3.294048506,0,12.03200012,1.560252149,32521.83642,0,4.475782161,2.355858994,357.7339756,0,0,198.7506892,251.8880122,1110.60795,1.470580884,20.88344809,133.1394697
D_H4 19 45 1 S20,D_H4,D,H,19,1,45,S20,567637.8922,5705133.365,30163,29/04/2020 10:35,20/05/2020 09:18,0,4,0,0,7,0,0,0,0,11,11,0,19.09624374,0,0,33.41842655,0,0,0,0,52.51467029,52.51467029,0,834.2417968,345.7561703,0.010123639,515.6067993,0.565462534,21.04610434,55.4944894,0.783539039,0,1.930738829,0,11.40646735,1.723050032,34565.25696,0.848037136,5.440081227,40.59354796,247.8863786,0,0,264.5433164,208.2688826,1135.693605,15.85469912,33.33599934,140.2482867
D_H4 4 4 1 S19,D_H4,D,H,4,1,4,S19,567639.9441,5705129.923,21511,28/04/2019 12:42,13/05/2019 11:13,1,0,0,0,9,0,0,0,0,10,10,6.694249454,0,0,0,60.24824508,0,0,0,0,66.94249454,66.94249454,0,830.2809513,344.3896121,0.041496954,511.5997718,0.577240326,21.46134104,56.61135762,0.783539039,0,1.929171855,0,11.41800567,1.585547893,34956.29319,0.855925926,5.44127489,40.93804513,247.365536,0,0,264.5833879,209.0357222,1140.934196,15.98128313,34.14223688,140.052462
D_H5 19 19 1 S19,D_H5,D,H,19,1,19,S19,564092.5582,5704504.634,34805,29/04/2019 16:29,23/05/2019 20:34,26,0,0,0,1,0,0,3,0,30,30,107.5707513,0,0,0,4.13733659,0,0,12.41200977,0,124.1200977,124.1200977,0,334.8080179,316.9560259,0,739.370985,1.553162882,2.972556715,70.91323281,0.440292067,1.126361699,2.01433735,0,6.957867221,1.655557348,52683.61203,14.57849049,32.99218548,9.005922384,168.0527127,0,0,52.88247854,264.8512278,1483.520974,1.500981229,3.29155659,51.84069736
D_H5 20 43 1 S20,D_H5,D,H,20,1,43,S20,564092.5582,5704504.634,30038,29/04/2020 14:13,20/05/2020 10:51,3,0,0,0,22,0,0,1,0,26,26,14.38178307,0,0,0,105.4664092,0,0,4.793927692,0,124.64212,124.64212,0,334.8080228,316.95603,0,739.3709841,1.553162868,3.017357389,70.90098995,0.440292067,1.126361643,2.014337341,0,6.957867227,1.592028215,59426.13579,14.57849043,32.99218558,9.005922375,168.0527124,0,0,52.8824786,264.6852008,1474.851564,1.554504237,3.322845766,52.57756196
D_H6 11 11 1 S19,D_H6,D,H,11,1,11,S19,564519.0877,5704376.481,31573,29/04/2019 12:27,21/05/2019 10:40,0,0,0,0,7,0,0,10,0,17,17,0,0,0,0,31.92601273,0,0,45.60858962,0,77.53460235,77.53460235,0,678.7632349,580.3719219,0,399.4572717,0.838160837,0.710213172,74.57879001,0,0,1.898703758,0.361726163,7.708701501,1.495805007,56089.16794,4.129133464,35.94743941,10.29494033,109.2594558,0,1.287424907,60.53907841,270.0851418,1509.78164,0.062475574,6.200625669,62.71731971
D_H6 22 10 3 S20,D_H6,D,H,22,3,10,S20,564519.0877,5704376.481,31259,14/06/2020 15:40,06/07/2020 08:39,0,1,0,0,3,0,0,1,0,5,5,0,4.606673278,0,0,13.82001983,0,0,4.606673278,0,23.03336639,23.03336639,0,678.763235,580.3719187,0,399.45727,0.838160841,0.205025718,74.44383962,0,0,1.898703768,0.361726166,7.708701549,1.344003256,63469.12335,4.129133389,35.9474394,10.29494041,109.2594554,0,1.287424937,60.53907848,269.9540219,1501.841227,0,6.165528352,63.03772783
D_H7 18 18 1 S19,D_H7,D,H,18,1,18,S19,566325.1392,5704444.118,31281,29/04/2019 15:49,21/05/2019 09:10,0,0,0,1,0,0,0,4,0,5,4,0,0,0,4.603433394,0,0,0,18.41373358,0,23.01716697,18.41373358,0,315.1451227,897.133937,0.555397732,1045.34818,11.45325388,26.76940014,44.70909059,0,0.495315169,2.16922383,0,14.10201174,1.454902201,34360.74292,1.547991218,14.09308838,1.585180405,164.2957382,0,11.00327666,45.32257698,222.2111375,1395.203825,16.51440234,38.97842884,145.0968246
D_H7 49 33 1 S20,D_H7,D,H,49,1,33,S20,566325.1392,5704444.118,29953,29/04/2020 15:56,20/05/2020 11:09,0,0,0,3,0,0,0,2,0,5,2,0,0,0,14.4225954,0,0,0,9.6150636,0,24.037659,9.6150636,0,315.1451233,897.133932,0.555393792,1045.348175,11.45325384,28.66889027,44.7068688,0,0.49531517,2.169223837,0,14.10201171,1.756113369,35107.44602,1.547991218,14.0930884,1.585180458,164.2957385,0,11.00327661,45.32257695,221.6030149,1391.586876,18.37442703,40.6817668,144.5512601
D_H8 4 1 3 S19,D_H8,D,H,4,3,1,S19,567222.3809,5703717.181,35820,12/06/2019 14:00,07/07/2019 11:00,2,0,0,0,4,5,0,193,0,204,204,8.040201005,0,0,0,16.08040201,20.10050251,0,775.879397,0,820.1005025,820.1005025,0,147.3079194,410.9907186,2.164158658,530.6590219,3.374141574,21.09901965,44.2023447,0.481273666,0.635133031,3.28061136,0,16.13883969,2.029086882,19057.68037,1.408234131,13.89729744,22.01462716,121.3005161,0,0,137.9772424,225.6588435,1334.077942,20.11444552,31.48020637,158.0826225
D_H8 47 28 3 S20,D_H8,D,H,47,3,28,S20,567222.3809,5703717.181,31559,14/06/2020 12:19,06/07/2020 10:18,0,1,0,0,0,5,0,76,0,82,82,0,4.562882221,0,0,0,22.8144111,0,346.7790488,0,374.1563421,374.1563421,0,147.3079236,410.9907251,2.164159017,530.6590284,3.374141577,23.06432395,43.94948769,0.481273627,0.635133029,3.280611354,0,16.13883966,2.041885099,18033.48889,1.408234131,13.89729744,22.01462689,121.3005162,0,0,137.9772417,225.0995763,1330.877948,20.09871604,31.17452506,156.5751798
D_H9 15 35 2 S20,D_H9,D,H,15,2,35,S20,565231.4647,5702225.524,29887,23/05/2020 16:10,13/06/2020 10:17,7,0,1,0,1,2,0,7,0,18,18,33.72703851,0,4.818148359,0,4.818148359,9.636296718,0,33.72703851,0,86.72667046,86.72667046,0,183.1089361,322.2171987,0,369.287202,6.460017213,0.998000412,58.161681,0.105397605,4.290362779,2.742350694,0.426814897,9.826088226,1.558102594,47026.49626,10.62120349,22.92311032,15.12264603,135.5188755,0,9.448573123,59.50991445,237.272144,1445.770127,0.828726023,3.113003541,106.6592199
D_H9 36 31 3 S19,D_H9,D,H,36,3,31,S19,565239.3773,5702205.565,27620,12/06/2019 12:45,01/07/2019 17:05,0,0,0,0,0,0,0,0,0,0,0,0,0,0,0,0,0,0,0,0,0,0,0,195.8197843,312.0322917,0,379.0483327,6.493267584,0.769384407,58.03498134,0.105397605,4.235302165,2.871962138,0.416897137,10.57614109,1.054572625,44910.1991,10.62818455,22.93153321,14.25869731,135.406699,0,9.217758028,59.32835715,238.4060405,1448.116434,0.579457519,3.95018861,104.5623207
D_R1 17 26 1 S20,D_R1,D,R,17,1,26,S20,565645.6192,5705416.281,30040,29/04/2020 14:44,20/05/2020 11:24,0,1,0,0,3,0,0,5,0,9,9,0,4.793608522,0,0,14.38082557,0,0,23.96804261,0,43.1424767,43.1424767,116.6040939,669.1821491,368.1431948,92.6903443,621.7188193,0.104073063,4.496042325,71.50441243,0.928971903,0,4.057403353,0,12.55190364,1.642701447,35042.45808,1.06435822,24.59398517,8.694669417,324.5089301,0,0,34.85158334,262.9875894,1254.865479,0,11.64888791,145.304737
D_R1 9 9 1 S19,D_R1,D,R,9,1,9,S19,566024.4663,5705515.866,31577,29/04/2019 11:00,21/05/2019 09:17,0,0,0,0,0,0,0,0,0,0,0,0,0,0,0,0,0,0,0,0,0,0,197.3847923,975.4074615,268.0671705,37.91786914,959.7825269,0.141729778,3.8140431,71.9822753,1.157206158,0,3.47908333,0,11.39757878,1.508147432,39807.31646,0.118403231,15.9860033,7.307988151,365.6872966,0,0,59.78599487,274.006085,1218.636344,0,7.444725309,145.4422958
D_R2 2 53 2 S19,D_R2,D,R,2,2,53,S19,567552.7581,5705860.242,31699,22/05/2019 09:17,13/06/2019 09:36,0,0,0,0,2,0,0,1,0,3,3,0,0,0,0,9.085460109,0,0,4.542730055,0,13.62819016,13.62819016,69.82319567,1518.54451,788.0370184,65.48984836,231.3138963,10.08235137,13.52722174,51.95514971,0,0,2.576462773,0.505749821,11.13775141,1.976641545,37937.14932,0,4.695004665,3.18286545,412.5253161,0,3.903040262,334.7683502,230.5314491,948.4168003,9.788603524,35.45930213,122.8118343
D_R2 33 73 2 S20,D_R2,D,R,33,2,73,S20,567246.2578,5704899.527,30092,23/05/2020 11:30,13/06/2020 09:02,0,8,0,0,3,0,0,1,0,12,12,0,38.28260003,0,0,14.35597501,0,0,4.785325003,0,57.42390004,57.42390004,180.6392879,775.1161289,434.5658604,151.4004102,441.0409951,1.005191978,8.987414057,73.54297621,0.480909206,0,2.031388818,0.035042697,8.123519958,1.649470102,43669.94141,0.734286281,5.324228892,27.4424234,198.8995412,0,0,170.0065078,228.6546579,1247.728068,0.209596902,30.26481625,155.3629109
D_R3 13 74 1 S20,D_R3,D,R,13,1,74,S20,568666.2073,5705029.742,30243,29/04/2020 08:58,20/05/2020 09:01,0,7,0,0,0,0,0,1,0,8,8,0,33.33002678,0,0,0,0,0,4.761432398,0,38.09145918,38.09145918,135.318745,554.6301526,251.0916213,125.9966827,266.6588145,1.816534146,6.981609572,55.30427997,6.069788158,0,3.554716334,1.475694973,12.09296511,1.94613795,24614.10905,1.582109417,5.630140805,36.59605033,155.225381,1.234065839,24.46890014,481.1869849,182.4170085,1027.258252,6.981609572,40.24087974,137.4755279
D_R3 16 40 3 S19,D_R3,D,R,16,3,40,S19,571019.7787,5706357.035,35660,12/06/2019 15:59,07/07/2019 10:19,0,0,0,0,2,0,0,0,0,2,2,0,0,0,0,8.076275939,0,0,0,0,8.076275939,8.076275939,50.08111945,311.6117934,333.3151128,25.63751327,29.37834862,2.591344285,2.970159567,61.1999856,4.617824405,0.31462836,3.815605027,0.970352181,15.32381968,1.490567626,27100.08993,0.758090757,5.380581331,29.57008583,109.9229777,1.108156566,81.54679481,966.6438828,153.9401005,671.4062718,2.911533807,23.93915776,111.7569558
D_R4 32 73 2 S19,D_R4,D,R,32,2,73,S19,565793.519,5700335.072,15977,21/05/2019 11:04,01/06/2019 13:21,2,0,0,0,1,0,0,2,0,5,5,18.02591225,0,0,0,9.012956124,0,0,18.02591225,0,45.06478062,45.06478062,140.8599549,129.0323296,324.9789639,43.18395929,118.6276418,0.172277957,1.108683708,65.68065562,5.129014985,0.740106716,2.410651169,0.876887931,10.89920177,1.508969137,53215.0268,2.149240306,21.04759116,27.27316372,162.343101,0,1.496204759,396.086142,256.2514965,1120.762763,0.554003111,8.034572983,119.8420969
D_R4 33 2 3 S20,D_R4,D,R,33,3,2,S20,566742.9428,5700848.07,31500,14/06/2020 12:50,06/07/2020 09:50,0,1,0,0,16,0,0,0,0,17,17,0,4.571428571,0,0,73.14285714,0,0,0,0,77.71428571,77.71428571,147.2950953,271.5510622,206.1234085,94.28189937,172.2143693,0.439859476,1.841029447,66.60198557,6.29612088,0.307042845,2.87842196,0.944112677,11.36523927,1.768350487,38270.38497,1.573685557,18.04226937,26.3864505,110.9087891,0,42.52332813,613.6087526,207.1586852,987.1754701,1.495734012,15.31999357,101.6665161
D_R5 15 15 1 S19,D_R5,D,R,15,1,15,S19,566074.2627,5699742.751,31525,29/04/2019 13:51,21/05/2019 11:16,0,0,0,0,1,0,0,0,0,1,1,0,0,0,0,4.567803331,0,0,0,0,4.567803331,4.567803331,79.01821053,77.41522391,653.7559303,57.38335627,610.0028329,0.524024265,5.783113754,69.75618094,0,0.694871659,2.409743034,0,11.54194117,1.64032124,45723.82449,1.634628697,9.88288438,10.0872053,128.2994541,0.058434729,41.06994037,630.9232603,217.2112686,979.2651335,4.998068437,26.78729221,109.1963704
D_R5 44 2 2 S20,D_R5,D,R,44,2,2,S20,564473.8393,5706475.742,30043,23/05/2020 15:00,13/06/2020 11:43,4,0,0,0,0,0,0,1,0,5,5,19.17251939,0,0,0,0,0,0,4.793129847,0,23.96564924,23.96564924,310.8407461,579.2191737,638.5280724,115.5843776,635.5280725,0.01182393,0.824081752,74.20264183,0,0,3.078835232,0,7.309566383,0.823573455,63603.85432,4.097705435,46.82307714,27.07458464,758.4431606,0,0,22.30726484,214.5946429,869.3947291,0.368784656,39.2723841,82.94898389
E_B1 40 17 1 S20,E_B1,E,B,40,1,17,S20,582621.4573,5704680.364,30514,28/04/2020 11:02,19/05/2020 15:36,0,0,0,0,5,0,0,0,0,5,5,0,0,0,0,23.59572655,0,0,0,0,23.59572655,23.59572655,69.08064481,300.862173,410.4355783,30.63854297,107.8338266,0.773211918,5.148185348,70.01773306,0.709736293,0.13534708,3.010743424,0.538633943,12.95953823,1.443748833,19325.73579,0.572435253,6.560253645,46.53967607,111.8823509,0,0.021316919,321.0858296,228.9569635,1033.598293,1.313051885,8.612874433,130.0055257
E_B1 48 67 4 S19,E_B1,E,B,48,4,67,S19,582663.4299,5704650.545,24644,10/07/2019 12:00,27/07/2019 14:44,0,1,0,0,0,0,0,0,0,1,1,0,5.843207272,0,0,0,0,0,0,0,5.843207272,5.843207272,120.4645722,349.4109994,460.945495,34.53714253,131.4985638,0.883488146,4.595369527,70.48207575,0.165103694,0.13534708,2.914401957,0.531256088,12.8138979,1.194410203,19502.11318,0.541966843,6.522669839,40.26340732,111.819351,0,0.207020064,316.6131717,236.4343247,1040.719645,1.326795979,8.00027971,127.5788774
E_B10 12 69 2 S19,E_B10,E,B,12,2,69,S19,576751.0147,5714554.335,33145,23/05/2019 09:54,15/06/2019 10:19,0,0,0,0,4,0,0,0,0,4,4,0,0,0,0,17.37818676,0,0,0,0,17.37818676,17.37818676,17.26810406,644.29854,316.0551084,7.432923818,340.2363345,5.673815831,21.0826483,38.30903791,9.175102761,0,3.053612401,0.819338648,13.68511542,2.175112567,20659.4045,2.231990009,9.497527507,61.57153256,122.8483312,2.702803094,33.01052346,620.5645136,138.8642532,862.4455737,17.0295031,39.90320393,177.3094459
E_B10 31 59 1 S20,E_B10,E,B,31,1,59,S20,576729.1974,5714547.853,31658,27/04/2020 08:56,19/05/2020 08:34,0,0,1,0,3,0,0,1,0,5,5,0,0,4.548613305,0,13.64583991,0,0,4.548613305,0,22.74306652,22.74306652,36.460482,634.7598549,328.3225333,30.11725824,337.8582438,5.618087878,21.60674801,38.11030488,8.783628119,0,3.034166485,0.72910836,13.96678716,1.522973577,20131.90851,2.275745878,9.485701801,62.22001988,122.4941298,2.702803094,34.98147265,627.8314334,137.0918074,859.1776382,17.93375706,40.02768911,175.8833641
E_B11 2 27 2 S20,E_B11,E,B,2,2,27,S20,579461.057,5718701.516,31553,21/05/2020 12:13,12/06/2020 10:06,0,0,0,0,5,0,0,0,0,5,5,0,0,0,0,22.81874941,0,0,0,0,22.81874941,22.81874941,284.4678367,423.4899334,870.4853997,53.09119923,480.2863656,8.322084583,4.609444017,64.01069219,0,0.143318485,2.166556427,0.137536168,10.75348691,1.72413965,23940.04957,0.399228797,8.8308236,1.526578471,150.7171686,7.239897322,19.80138774,186.013017,254.164325,1426.34442,1.940919817,8.7036639,46.25924979
E_B11 8 43 4 S19,E_B11,E,B,8,4,43,S19,579468.3718,5718751.688,14303,10/07/2019 17:51,20/07/2019 16:14,1,0,0,0,6,0,0,0,0,7,7,10.06781794,0,0,0,60.40690764,0,0,0,0,70.47472558,70.47472558,233.8060374,396.9187653,904.3827851,56.74326211,457.667554,10.10954458,4.850454163,62.18341535,0,0.158794356,2.196938595,0.207815531,10.89467362,1.814253219,24013.97827,0.423438999,9.225434071,1.341400594,150.8811744,8.881793661,23.14514364,188.9177472,252.5579591,1416.846225,2.330563148,9.847515126,51.84564461
E_B12 37 18_41 4 S20,E_B12,E,B,37,4,18_41,S20,576542.1156,5714484.734,19007,07/07/2020 09:12,22/07/2020 13:05,0,0,0,0,0,0,0,0,0,0,0,0,0,0,0,0,0,0,0,0,0,0,15.87323594,441.4402588,330.1843704,5.140415359,366.709374,6.650223189,21.11166901,38.96648873,4.821959812,0.087565537,3.278202523,0.591021035,15.16863289,1.657792174,18748.37169,2.485745708,9.269800279,63.47865506,116.8347474,2.707003147,51.91771159,689.0973561,119.7555128,818.537716,17.16965305,39.83555803,171.5281177
E_B12 46 70 4 S19,E_B12,E,B,46,4,70,S19,576517.5988,5714460.483,24276,10/07/2019 18:30,27/07/2019 15:06,4,0,3,0,12,0,0,0,0,19,19,23.72713791,0,17.79535344,0,71.18141,0,0,0,0,112.7039,112.7039,39.15465891,407.8029303,325.9451424,28.88296863,365.0432344,6.991443421,21.06583234,37.96578038,5.536752407,0.120852166,3.183500597,0.706314343,14.79880603,2.091477055,19590.27515,2.467943394,9.227298048,63.87109498,116.642686,2.763344043,53.50709021,696.0680678,116.6204861,809.944937,16.97841994,40.51235494,169.3334733
E_B13 35 6 1 S20,E_B13,E,B,35,1,6,S20,582076.8458,5715617.561,31536,27/04/2020 13:02,19/05/2020 10:38,0,0,0,0,3,0,0,0,0,3,3,0,0,0,0,13.69863014,0,0,0,0,13.69863014,13.69863014,150.6315655,149.428183,518.283777,27.8794049,322.8797381,0.333618293,18.55187635,57.04039267,0,0.271485406,3.148499007,0.587235555,13.0392444,1.851225219,25090.37041,0.584844697,34.82312202,2.397133379,122.8972719,0,0,17.40913741,250.7905871,1427.690511,15.83983375,30.90338899,148.7698076
E_B13 42 56 4 S19,E_B13,E,B,42,4,56,S19,582093.5522,5715612.937,30117,10/07/2019 14:55,31/07/2019 12:52,2,0,0,0,3,0,0,0,0,5,5,9.562705449,0,0,0,14.34405817,0,0,0,0,23.90676362,23.90676362,158.118612,157.4767976,534.8306894,37.68049599,306.2756986,0.330236276,18.60176539,57.13227048,0,0.269005062,3.14688763,0.594236873,12.99568541,1.687014603,24842.59301,0.58322503,34.38720575,2.189599284,124.0185487,0,0,17.40913741,252.3230377,1427.233163,15.7188756,28.81495155,148.734493
E_B14 30 9 4 S19,E_B14,E,B,30,4,9,S19,583188.6986,5716307.029,15948,10/07/2019 14:22,21/07/2019 16:10,1,0,0,0,1,0,0,0,0,2,2,9.029345372,0,0,0,9.029345372,0,0,0,0,18.05869074,18.05869074,140.7556981,295.1279585,127.6082953,0.674307319,125.6082953,0.346552966,15.816915,55.47369108,1.35424642,0.27516036,4.040381583,1.09006612,14.46527023,1.979569203,27048.28676,0.592903079,11.0386315,5.234272999,214.5918819,0,3.722539532,77.69045822,244.7556034,1292.502907,14.39936123,24.82504597,153.3899594
E_B14 4 61 2 S20,E_B14,E,B,4,2,61,S20,583312.5212,5716357.342,28613,21/05/2020 15:38,10/06/2020 12:31,3,0,0,0,2,0,0,0,0,5,5,15.09803236,0,0,0,10.06535491,0,0,0,0,25.16338727,25.16338727,168.0735671,341.5823261,167.162783,2.193210705,153.4186463,0.267800822,17.91998482,54.622707,1.35424642,0.252863324,3.635132298,0.830413103,14.58780172,1.631603241,21815.05501,1.170677036,10.8956311,5.88091544,226.4605048,0,3.97980025,85.15198387,239.3164286,1263.749199,15.96833973,28.4364557,164.3055295
E_B15 26 60 3 S20,E_B15,E,B,26,3,60,S20,580827.7976,5718113.889,31700,16/06/2020 12:59,08/07/2020 13:19,0,0,0,0,0,0,0,0,0,0,0,0,0,0,0,0,0,0,0,0,0,0,5.540873612,16.88175493,915.1550725,4.314426269,1469.682052,2.196647592,1.636603338,68.49299541,0,0.416405517,3.154226851,0,12.39608266,1.813868764,25653.55724,0.585668338,8.706674502,0.326596715,120.7227515,0,0,78.39546079,279.6286634,1513.130639,0,3.012355561,63.77549461
E_B15 38 24 3 S19,E_B15,E,B,38,3,24,S19,580794.3235,5718103.696,32835,15/06/2019 15:41,06/07/2019 10:56,0,0,0,0,0,0,0,0,0,0,0,0,0,0,0,0,0,0,0,0,0,0,13.25364297,9.478653892,945.6259201,6.405941716,1501.080826,2.182914767,0.785992727,68.8644631,0,0.401834489,3.10823068,0,12.33862395,1.372702896,25002.38822,0.574204101,8.3555952,0.316308256,120.3698412,0,0,79.06443903,279.6095001,1518.529716,0,3.326730695,64.37591486
E_B16 47 27 1 S20,E_B16,E,B,47,1,27,S20,582047.9964,5720856.906,31590,27/04/2020 14:19,19/05/2020 12:49,0,0,0,0,2,0,0,0,0,2,2,0,0,0,0,9.116809117,0,0,0,0,9.116809117,9.116809117,57.70197917,323.6682059,611.85386,19.39641172,395.5628235,4.669463958,23.43744498,33.47338395,0,1.02906239,4.298749108,0.476040831,16.2822323,1.966196427,16698.17017,3.948120521,19.42324091,4.522850193,148.4782404,0.113189403,51.83808366,402.5082297,141.0933497,953.1686854,15.23125998,33.62912053,178.8883537
E_B16 50 70 2 S19,E_B16,E,B,50,2,70,S19,582062.7721,5720880.617,37232,20/05/2019 14:56,15/06/2019 11:28,0,0,0,0,1,0,0,0,0,1,1,0,0,0,0,3.867640739,0,0,0,0,3.867640739,3.867640739,85.22786208,351.5400406,584.8888879,44.5030257,368.6653579,4.577974315,23.22419855,35.37214539,0,0.813251672,4.264075016,0.537365452,16.1591369,1.709947325,15416.54886,3.897745432,20.02311819,4.912242045,149.5204837,0.167459195,55.06205431,406.0178332,138.7334994,947.4665298,15.367407,33.51002415,177.3353669
E_B2 27 26 3 S19,E_B2,E,B,27,3,26,S19,585050.2338,5713606.108,34511,14/06/2019 15:05,08/07/2019 14:16,0,0,0,0,0,0,0,0,0,0,0,0,0,0,0,0,0,0,0,0,0,0,99.3733516,105.5088986,274.2380667,19.96915481,144.2160316,0.819590595,18.53490207,53.34713341,1.22769349,0.733217931,4.981551845,0.71859556,17.87266075,1.679569954,12184.95191,4.268064512,14.12451101,29.36636611,115.156969,0,21.57172248,310.6980159,193.0174051,1201.117589,15.34425496,30.56662515,117.1267212
E_B2 42 47 3 S20,E_B2,E,B,42,3,47,S20,584992.9313,5713602.461,32932,15/06/2020 17:30,08/07/2020 14:22,0,0,0,0,0,0,0,0,1,1,1,0,0,0,0,0,0,0,0,4.372646666,4.372646666,4.372646666,50.68168631,48.11418252,326.9615903,9.298718331,194.6873425,0.930903182,19.03281632,52.37609686,1.22769349,0.824430707,5.037306483,0.691658124,17.88779624,1.581366203,11938.58969,4.21634649,14.19399082,30.44903136,116.5508409,0,17.28839114,306.0030294,194.213462,1202.254038,16.10084677,31.03565169,118.3299047
E_B3 20 5 2 S20,E_B3,E,B,20,2,5,S20,581166.179,5705364.493,30653,22/05/2020 10:13,12/06/2020 17:06,0,0,0,0,0,0,0,0,0,0,0,0,0,0,0,0,0,0,0,0,0,0,70.32268272,785.5452066,287.8750719,30.18955483,163.4469473,3.104786133,19.34197921,54.18504139,4.370380177,0,2.640236646,0.607318887,17.56204672,1.901350036,16054.67672,1.008437741,5.074033481,42.71815031,102.0388382,0,59.25482635,683.1594407,141.1495506,913.0820385,8.868682985,32.49007719,105.376829
E_B3 21 21 1 S19,E_B3,E,B,21,1,21,S19,581048.6061,5705365.509,30594,30/04/2019 10:00,21/05/2019 15:54,1,0,3,0,9,0,0,0,0,13,13,4.706805256,0,14.12041577,0,42.3612473,0,0,0,0,61.18846833,61.18846833,39.087101,682.3517969,193.2778458,19.64898994,147.7338459,6.713204071,22.00810378,51.96023615,0.656971574,0,2.718820842,0.239077999,17.93388911,1.811934375,16292.70095,0.787865603,5.22245746,32.24836174,102.1183145,2.686806858,80.41905819,690.6811392,138.2325975,913.1461921,10.91036776,28.40841763,105.3834582
E_B4 11 1 1 S20,E_B4,E,B,11,1,1,S20,583835.4496,5706058.011,30483,28/04/2020 11:49,19/05/2020 15:52,0,0,0,0,2,0,0,0,0,2,2,0,0,0,0,9.447888987,0,0,0,0,9.447888987,9.447888987,134.2952565,850.3671394,666.9584928,17.04182308,666.8021299,3.865007927,8.217907408,68.74739951,0,0,2.079372893,0,11.02512093,1.642183548,21381.00642,0.92747273,7.086528035,3.724209792,273.1479848,3.509521796,45.03631141,79.2269191,212.4815432,1268.295622,1.261098868,22.42310187,126.397333
E_B4 38 46 4 S19,E_B4,E,B,38,4,46,S19,583888.9115,5706058.759,23025,10/07/2019 11:25,26/07/2019 11:10,0,1,0,0,0,0,2,1,0,4,4,0,6.254071661,0,0,0,0,12.50814332,6.254071661,0,25.01628664,25.01628664,184.9977461,888.1229229,720.3199591,31.11658708,720.2689118,5.304810956,8.221387634,67.40546406,0,0,2.014212899,0,10.49974406,1.710971608,22168.13219,0.544320212,7.15966155,2.312557234,285.3329607,4.990638437,46.71342061,83.91675147,217.6448434,1264.878503,1.677064619,19.09110138,121.8876468
E_B5 18 24 3 S20,E_B5,E,B,18,3,24,S20,583170.2075,5706616.281,31954,15/06/2020 12:10,07/07/2020 16:44,0,0,0,0,0,0,0,0,0,0,0,0,0,0,0,0,0,0,0,0,0,0,9.507617598,11.58705273,276.9163085,9.784869659,50.17628103,6.195611953,17.20650032,48.44603758,1.365453886,0.322315976,4.559922123,1.105096804,19.64851886,1.779887705,21107.64214,1.853658207,5.878171296,12.09520978,190.3177815,1.177698671,34.15954803,92.75810635,196.7580618,1361.747839,13.25694918,32.29675676,120.77159
E_B5 49 42 4 S19,E_B5,E,B,49,4,42,S19,583184.9775,5706625.355,30209,10/07/2019 12:33,31/07/2019 12:02,0,0,0,0,1,0,0,0,0,1,1,0,0,0,0,4.766791354,0,0,0,0,4.766791354,4.766791354,5.861135328,7.848093547,290.8658973,5.394620766,56.0320952,6.834956385,13.84647752,51.82650804,1.079216004,0.316641019,4.426813772,1.034418653,19.67557446,2.024445502,21042.24532,1.850803434,5.886852953,11.72895348,193.2848571,1.781997176,34.92649999,91.30353581,200.6655305,1372.590684,10.34824616,28.83778262,115.5738199
E_B6 37 12 1 S20,E_B6,E,B,37,1,12,S20,581415.2544,5709758.665,30199,28/04/2020 17:01,19/05/2020 16:20,0,2,0,0,8,0,0,0,0,10,10,0,9.536739627,0,0,38.14695851,0,0,0,0,47.68369814,47.68369814,74.38791838,156.1270303,471.9123691,67.72436242,68.55216093,2.698601116,3.064849785,67.62798153,0.327790543,0.253667032,3.380896622,1.070407681,10.83121949,1.536089081,23755.19802,0.993402384,7.348558959,43.41079488,146.3727511,0,1.190329368,269.0727709,227.5787662,1258.275908,0.052007891,8.602371148,113.9221951
E_B6 42 14 3 S19,E_B6,E,B,42,3,14,S19,581415.2544,5709758.665,34906,14/06/2019 11:00,08/07/2019 16:46,0,7,0,0,0,0,0,0,0,7,7,0,28.87755687,0,0,0,0,0,0,0,28.87755687,28.87755687,74.38791779,156.127032,471.9123654,67.72436183,68.55216036,2.698601131,3.147493977,67.70538914,0.327790623,0.253667033,3.380896634,1.070407682,10.83121952,1.302614199,25480.51572,0.993402385,7.348558958,43.41079492,146.372751,0,1.19032937,269.0727709,227.8045389,1261.180003,0,9.257052411,115.2597319
E_B7 14 65 2 S19,E_B7,E,B,14,2,65,S19,584079.9819,5710980.557,31595,22/05/2019 14:57,13/06/2019 13:32,0,0,0,0,0,0,0,0,0,0,0,0,0,0,0,0,0,0,0,0,0,0,130.6314644,17.40704068,1087.027978,2.836359267,467.8546665,1.333592152,6.092819291,69.21208694,0,0.448976359,2.905102855,0.205871583,16.23126992,1.438608428,17831.35887,1.200448972,14.01204327,0,138.726588,0.527878129,20.14841098,29.50376224,264.6798214,1414.390981,2.511573982,7.001110528,162.5941356
E_B7 21 9 2 S20,E_B7,E,B,21,2,9,S20,584070.2287,5710979.861,27179,22/05/2020 15:02,10/06/2020 12:01,0,0,0,0,1,0,0,0,0,1,1,0,0,0,0,5.298208175,0,0,0,0,5.298208175,5.298208175,126.3766844,7.660907594,1093.399149,5.69121841,462.072019,1.269043283,6.257280099,69.15053835,0,0.454694207,2.923044233,0.229598379,16.35803603,1.399039129,17979.30267,1.203866233,13.99481464,0,138.2138239,0.456339363,19.92820503,29.41807363,264.8483855,1412.931115,2.600953957,6.923984163,162.0315788
E_B8 11 9 3 S20,E_B8,E,B,11,3,9,S20,583871.6225,5711346.221,32880,15/06/2020 18:44,08/07/2020 14:44,1,0,0,0,1,0,0,0,0,2,2,4.379562044,0,0,0,4.379562044,0,0,0,0,8.759124088,8.759124088,37.30128814,34.7575247,993.7102211,8.106356882,54.26268394,0.94143993,6.23528365,69.11195267,0,0.58366256,2.886383963,0.935974118,13.13761169,1.2640033,16139.02951,1.118807992,14.34121152,0.010557045,127.3007074,0,2.188319404,29.01511851,278.4055675,1425.366742,3.327110263,8.713057024,165.0842956
E_B8 18 45 4 S19,E_B8,E,B,18,4,45,S19,583896.2825,5711403.45,30187,10/07/2019 13:12,31/07/2019 12:19,0,2,0,0,3,0,0,2,0,7,7,0,9.540530692,0,0,14.31079604,0,0,9.540530692,0,33.39185742,33.39185742,21.20933047,22.33649779,943.9031728,20.8979751,26.67731212,0.966946577,4.170654897,69.40687398,0,0.576972143,3.107855459,0.987606143,13.48444354,1.358102624,18628.54907,1.105717979,14.49987452,0.39232867,128.6372912,0,1.37030862,29.30510143,276.223783,1423.509348,2.668189763,9.790948279,166.8128185
E_B9 28 16 2 S20,E_B9,E,B,28,2,16,S20,584463.4827,5712118.589,31325,21/05/2020 18:43,12/06/2020 12:48,0,0,0,0,0,0,0,0,0,0,0,0,0,0,0,0,0,0,0,0,0,0,136.1880185,34.99181247,302.0113791,10.58493512,314.0964166,0.453107084,9.727546702,63.65552714,1.100284786,0.733378021,5.858891589,0.577617997,17.2405515,1.579183026,12965.80157,2.829865776,15.14406609,17.43368098,136.6810197,0,0,85.57538244,245.0350055,1370.73672,5.333994459,17.49154552,156.7912845
E_B9 8 54 3 S19,E_B9,E,B,8,3,54,S19,584483.9047,5711962.526,29766,18/06/2019 18:09,09/07/2019 10:15,1,0,0,0,3,0,0,0,0,4,4,4.837734328,0,0,0,14.51320298,0,0,0,0,19.35093731,19.35093731,171.4960639,60.92161043,219.3115367,30.77553641,157.0122682,0.458414153,9.106586202,64.12753505,1.293700005,0.37688494,5.460412376,0.822694954,16.88534753,1.555667479,14464.12765,2.824470435,15.26718749,13.80112628,138.9811697,0,0,71.08409033,250.1012454,1391.239293,4.908127241,15.69704596,153.6395462
E_E1 23 23 1 S19,E_E1,E,E,23,1,23,S19,581998.8697,5704619.686,30569,30/04/2019 10:50,21/05/2019 16:19,0,0,0,0,0,0,0,0,0,0,0,0,0,0,0,0,0,0,0,0,0,0,19.80391252,165.6636468,167.1636468,0,132.0705464,1.1422753,11.24815705,47.46707636,8.742932285,0.462770836,3.507082544,1.182547839,15.99659573,1.710050527,13355.704,0.865326073,6.111356258,55.09449066,111.8823509,0,4.777651161,523.9829681,199.9936969,914.7672474,9.111292791,21.62223474,105.4004171
E_E1 46 69 2 S20,E_E1,E,E,46,2,69,S20,581998.8697,5704619.686,28750,22/05/2020 11:11,11/06/2020 10:21,0,0,0,0,2,0,0,0,0,2,2,0,0,0,0,10.0173913,0,0,0,0,10.0173913,10.0173913,19.80391462,165.663645,167.163645,0,132.0705443,1.1422753,11.99701211,47.49559221,8.742932309,0.462770838,3.507082548,1.182547837,15.99659578,1.925364992,13359.64901,0.865326074,6.111356258,55.0944906,111.8823509,0,4.77765116,523.9829692,198.6763909,910.645036,9.09346356,21.5748603,107.196555
E_E10 19 8 3 S20,E_E10,E,E,19,3,8,S20,578092.2118,5713775.601,32087,16/06/2020 10:38,08/07/2020 17:25,0,27,0,0,2,0,0,0,0,29,29,0,121.1705675,0,0,8.975597594,0,0,0,0,130.1461651,130.1461651,89.09051883,383.5832307,472.3576296,0,110.8916213,7.656416451,11.17569792,51.32512012,0.113261879,0.556411125,4.753077459,0.871988118,10.5466959,2.031578484,30756.18395,2.302839363,36.59338159,19.93223549,184.5032062,3.932589175,4.475681149,125.4722206,182.0104654,1176.117549,9.716018877,59.65592715,203.0679114
E_E10 39 39 1 S19,E_E10,E,E,39,1,39,S19,578092.2118,5713775.601,29859,30/04/2019 19:53,21/05/2019 13:32,1,1,0,1,5,0,0,0,1,9,8,4.822666533,4.822666533,0,4.822666533,24.11333266,0,0,0,4.822666533,43.40399879,38.58133226,89.09051534,383.5832274,472.3576337,0,110.8916184,7.656416468,10.14980942,51.36574499,0.113261833,0.556411128,4.753077411,0.871988093,10.54669585,1.800985861,30825.21152,2.302839364,36.59338216,19.93223526,184.5032062,3.932589229,4.475681149,125.4722197,182.0147368,1176.559501,9.894095241,58.92441429,203.1471455
E_E11 28 46 2 S19,E_E11,E,E,28,2,46,S19,579609.4719,5714421.352,30482,23/05/2019 13:34,13/06/2019 17:36,0,0,0,0,1,0,0,0,1,2,2,0,0,0,0,4.724099469,0,0,0,4.724099469,9.448198937,9.448198937,84.04197786,251.6125999,271.8316138,0,417.4006711,1.256155552,15.13589614,50.03909865,1.153049416,0.344625294,5.685710451,0.278325859,13.56654661,1.308496489,24201.03718,6.989462959,94.2721214,15.84275474,181.2898982,0,8.015061926,26.00711651,167.1858051,1231.024974,15.13589614,68.25953512,192.4405807
E_E11 5 25 2 S20,E_E11,E,E,5,2,25,S20,579609.4719,5714421.352,31598,21/05/2020 10:26,12/06/2020 09:04,0,0,0,0,0,0,0,0,0,0,0,0,0,0,0,0,0,0,0,0,0,0,84.041983,251.6126042,271.8316079,0,417.400666,1.256155493,15.06557725,50.06987168,1.153049416,0.344625288,5.685710423,0.278325867,13.56654661,2.038096837,24768.94854,6.989463181,94.2721214,15.84275502,181.2898978,0,8.015062072,26.00711655,167.5058064,1230.717764,15.06557725,69.27946882,191.3610442
E_E12 22 49 1 S20,E_E12,E,E,22,1,49,S20,582202.4718,5714916.518,31564,27/04/2020 12:01,19/05/2020 10:05,1,0,0,0,6,2,0,0,0,9,9,4.562159422,0,0,0,27.37295653,9.124318844,0,0,0,41.0594348,41.0594348,0.153622319,861.1882267,501.6314335,0,276.0921685,0.557944298,0.065578341,73.36462184,0,0,2.772265378,0.738872432,10.57373847,1.434978164,31465.36013,0.226324172,84.71847896,1.28312085,144.4329476,0,0,18.57435029,267.9647249,1335.043408,0,21.17204777,165.2274337
E_E12 44.2 71 2 S19,E_E12,E,E,44_2,2,71,S19,582257.2866,5714910.58,26216,21/05/2019 11:45,08/06/2019 16:41,0,0,0,0,0,0,0,0,0,0,0,0,0,0,0,0,0,0,0,0,0,0,35.54668563,878.5720279,527.6968932,0,311.6871251,0.470483932,0.020549598,73.58333909,0,0,2.584431052,0.681836959,10.10406968,1.096426885,31044.16263,0.396745619,82.07956115,1.28312085,144.4950764,0,0,18.69860394,266.8518523,1338.809523,0,21.26847684,163.9609778
E_E13 35 17_11 4 S20,E_E13,E,E,35,4,17_11,S20,583730.033,5715359.013,32925,06/07/2020 13:28,29/07/2020 10:27,0,0,0,0,2,0,0,0,0,2,2,0,0,0,0,8.74715262,0,0,0,0,8.74715262,8.74715262,15.50843986,495.7567508,438.6699678,0,418.0857849,0.548803787,0.930161716,69.79552245,0.607195709,0.025949525,3.657311684,0.033102978,12.19900597,1.715407078,35188.47108,3.287619711,12.77747783,13.5237111,117.6920672,0,3.97980025,153.8995115,231.9324309,1286.554635,0.29939788,18.74341155,175.4430006
E_E13 5 74 4 S19,E_E13,E,E,5,4,74,S19,583730.033,5715359.013,30158,10/07/2019 13:46,31/07/2019 12:24,0,0,0,0,3,0,0,0,0,3,3,0,0,0,0,14.32455733,0,0,0,0,14.32455733,14.32455733,15.50844005,495.7567485,438.6699685,0,418.0857839,0.548803787,1.108711837,69.8291437,0.607195716,0.025949546,3.657311713,0.033102978,12.19900599,1.384779663,41343.46288,3.287619714,12.77747783,13.52371112,117.6920671,0,3.97980025,153.899512,233.653317,1289.02743,0.287218091,17.50399743,172.8993312
E_E14 12 41 3 S19,E_E14,E,E,12,3,41,S19,585317.5125,5714041.79,29881,18/06/2019 16:27,09/07/2019 10:28,0,3,0,0,0,0,0,0,0,3,3,0,14.45734748,0,0,0,0,0,0,0,14.45734748,14.45734748,142.8318182,480.3435651,137.6516662,0,272.5879467,13.57175534,3.406315491,55.29911594,1.22769349,0.04146584,4.057608938,0.705959138,13.43969963,1.249625215,15100.23109,1.553292598,13.40032756,9.607960282,113.4682547,13.02706642,92.50142118,336.1820542,158.3855732,1167.528766,1.591490236,25.05177708,117.4159066
E_E14 38 36 1 S20,E_E14,E,E,38,1,36,S20,585317.5125,5714041.79,30003,28/04/2020 16:17,19/05/2020 12:20,0,0,0,0,3,0,0,3,0,6,6,0,0,0,0,14.39856014,0,0,14.39856014,0,28.79712029,28.79712029,142.8318212,480.3435624,137.6516633,0,272.5879445,13.5717552,3.393185067,55.26194642,1.22769349,0.041465844,4.057608952,0.705959141,13.43969968,1.720858603,15608.80797,1.553292603,13.40032757,9.607960391,113.4682546,13.02706628,92.50142073,336.182054,158.2749229,1166.672383,1.591490311,25.15608453,117.4552676
E_E15 13 67 4 S20,E_E15,E,E,13,4,67,S20,578760.9534,5717085.948,31463,08/07/2020 13:01,30/07/2020 09:24,0,1,0,0,1,0,0,0,0,2,2,0,4.576804501,0,0,4.576804501,0,0,0,0,9.153609001,9.153609001,171.9435791,635.0848967,347.8238019,0,428.3739741,0.721326356,0.796978759,67.3097762,3.400683122,0,2.419609193,0.144141307,11.64696489,1.647921943,21932.32429,0.299261532,5.038041947,36.7903859,148.5084858,0,0,122.1739995,248.7551911,1428.688688,0.796978759,4.911045844,85.50019611
E_E15 28 33 3 S19,E_E15,E,E,28,3,33,S19,578760.9534,5717085.948,32960,15/06/2019 12:32,08/07/2019 09:52,3,1,0,0,4,1,0,0,0,9,9,13.10679612,4.368932039,0,0,17.47572816,4.368932039,0,0,0,39.32038835,39.32038835,171.9435754,635.0848933,347.8237988,0,428.3739701,0.721326358,0.814650118,67.2068985,3.400683265,0,2.419609191,0.144141311,11.64696489,1.340167886,22476.41812,0.299261532,5.038041952,36.79038608,148.508486,0,0,122.174,248.3610486,1428.167464,0.814650118,4.505848667,86.61309022
E_E16 20 46 3 S20,E_E16,E,E,20,3,46,S20,581486.0323,5718535.918,31691,16/06/2020 13:17,08/07/2020 13:28,1,0,0,0,2,0,0,0,0,3,3,4.54387681,0,0,0,9.087753621,0,0,0,0,13.63163043,13.63163043,277.4446299,313.1020569,608.3179053,0,1033.512666,0.131752792,0,71.63517234,0,0.211929261,2.681204313,0,11.47890122,1.703000987,50645.40923,0.681247731,15.63614995,0.326596715,149.164042,0,1.071302563,67.31673536,277.3058089,1390.67577,0,4.094439714,111.2657042
E_E16 48 63 2 S19,E_E16,E,E,48,2,63,S19,581486.0324,5718535.918,26141,20/05/2019 14:44,07/06/2019 18:25,1,0,0,0,0,0,0,0,0,1,1,5.508588042,0,0,0,0,0,0,0,0,5.508588042,5.508588042,277.4446268,313.1020537,608.3179018,0,1033.512663,0.131752792,0.112018503,71.89943173,0,0.211929264,2.681204315,0,11.47890122,1.042648041,45398.07022,0.681247732,15.63614999,0.326596715,149.1640417,0,1.071302592,67.31673522,277.3664088,1390.443669,0.016040989,4.614636621,114.4811212
E_E17 10 60 1 S20,E_E17,E,E,10,1,60,S20,581367.1913,5718171.035,31377,27/04/2020 16:46,19/05/2020 11:43,3,0,0,5,9,0,0,3,0,20,15,13.76804666,0,0,22.94674443,41.30413998,0,0,13.76804666,0,91.78697772,68.84023329,40.35255612,11.47137011,417.085308,0,958.3434881,1.201241292,0.99909043,68.77007457,0.326596715,0.418517547,3.381413753,0,12.1242114,1.663119276,38561.62239,0.754608605,15.04456147,0.326596715,125.1578868,0,0,59.503657,277.0744063,1429.571135,0.275185471,3.596926714,114.7638266
E_E17 33 55 3 S19,E_E17,E,E,33,3,55,S19,581367.1913,5718171.035,29960,18/06/2019 15:48,09/07/2019 11:08,1,0,0,0,0,0,0,0,0,1,1,4.806408545,0,0,0,0,0,0,0,0,4.806408545,4.806408545,40.35255806,11.4713722,417.0853066,0,958.3434869,1.201241292,1.291471234,68.57873904,0.326596715,0.418517547,3.381413756,0,12.12421139,1.232802437,33373.62441,0.754608606,15.04456149,0.326596715,125.1578867,0,0,59.50365692,277.2738832,1429.717044,0.781335219,4.113746809,116.2763578
E_E18 46 2 3 S19,E_E18,E,E,46,3,2,S19,581913.4217,5720771.91,32921,15/06/2019 15:34,08/07/2019 12:15,2,0,0,0,1,0,0,1,0,4,4,8.748215425,0,0,0,4.374107712,0,0,4.374107712,0,17.49643085,17.49643085,6.710379207,180.539154,768.7095091,0,544.4938658,5.585673808,24.19488399,23.08164015,0,1.958580953,3.886201294,0,15.22062096,1.690382173,20478.65108,4.186731362,17.80757953,1.824436411,146.8286557,0.087952654,36.47843717,375.28097,153.7656195,993.694121,17.91781264,37.73458526,176.0190589
E_E18 7 35 3 S20,E_E18,E,E,7,3,35,S20,581913.4217,5720771.91,28527,16/06/2020 13:57,06/07/2020 09:24,0,0,0,0,0,0,0,0,0,0,0,0,0,0,0,0,0,0,0,0,0,0,6.71037688,180.5391572,768.7095059,0,544.4938625,5.585673751,23.86443274,23.05716212,0,1.958580914,3.88620129,0,15.22062096,2.034659388,20725.05155,4.186731357,17.80757952,1.824436443,146.8286558,0.087952627,36.47843753,375.2809703,153.4500066,993.1635753,17.60860591,37.38868419,176.7287391
E_E19 20 34 3 S19,E_E19,E,E,20,3,34,S19,581741.9262,5721620.476,15683,16/06/2019 16:34,27/06/2019 13:57,0,0,0,0,9,0,0,0,0,9,9,0,0,0,0,82.63725053,0,0,0,0,82.63725053,82.63725053,76.61806365,689.3402316,421.1273901,0,201.8122573,20.79989971,7.66582812,44.02640682,0.139204715,0,3.272694299,0.628153223,12.82617664,1.579973277,14820.00918,0.328778471,32.90036746,2.819105226,239.4834332,17.23694281,90.08634874,369.9624339,128.2747775,858.6116395,5.080406872,34.76547022,170.4047365
E_E19 7 44 2 S20,E_E19,E,E,7,2,44,S20,581741.9262,5721620.476,15833,21/05/2020 12:45,01/06/2020 12:38,0,0,0,0,1,0,0,0,0,1,1,0,0,0,0,9.094928314,0,0,0,0,9.094928314,9.094928314,76.61805946,689.3402254,421.1273935,0,201.8122522,20.79989921,8.429574519,44.02181617,0.139204715,0,3.272694326,0.628153227,12.8261767,1.912783523,14175.31218,0.328778489,32.90036742,2.819105238,239.4834328,17.23694232,90.08634805,369.9624337,128.6049967,858.6278439,5.080407327,34.48170118,172.1480018
E_E2 2 70 1 S20,E_E2,E,E,2,1,70,S20,581737.9149,5706832.933,30368,28/04/2020 12:49,19/05/2020 14:57,1,0,0,0,1,0,0,0,0,2,2,4.741833509,0,0,0,4.741833509,0,0,0,0,9.483667018,9.483667018,319.8107097,536.8008591,394.1368973,0,463.9518338,0.801278051,0.873344135,70.79282553,0.586311945,0,2.698490624,0.211526414,9.354644282,1.425111028,46419.81467,0.680643118,5.864973142,6.391340037,150.0577149,0,22.79378884,484.8659703,234.2525939,1051.16651,0.638952103,22.39874022,113.6209304
E_E2 28 28 1 S19,E_E2,E,E,28,1,28,S19,581737.915,5706832.933,30265,30/04/2019 14:56,21/05/2019 15:21,1,0,1,0,0,0,0,0,0,2,2,4.757971254,0,4.757971254,0,0,0,0,0,0,9.515942508,9.515942508,319.8107133,536.800855,394.1368915,0,463.9518296,0.801278036,0.871492299,70.74162689,0.586311945,0,2.698490636,0.211526427,9.354644321,1.024806601,43221.56784,0.680643122,5.86497313,6.391340071,150.0577149,0,22.79378837,484.8659693,234.5982798,1057.992787,0.637100272,22.43730809,109.3127518
E_E20 17 15 3 S20,E_E20,E,E,17,3,15,S20,583927.5725,5712935.155,32876,15/06/2020 18:12,08/07/2020 14:08,1,0,0,0,3,0,0,1,0,5,5,4.380094902,0,0,0,13.14028471,0,0,4.380094902,0,21.90047451,21.90047451,103.2856182,402.3532703,234.1688556,0,470.3541704,0.708791703,3.637681276,67.01143551,0.58966381,0.430068368,3.789575598,0.11710157,15.82355228,1.046645513,19053.28381,3.700209962,16.25099765,10.27802822,157.1073645,0,0,82.85923624,238.4998487,1355.725008,2.104915748,22.8035922,140.5744811
E_E20 9 18 3 S19,E_E20,E,E,9,3,18,S19,583933.1355,5712938.738,34416,14/06/2019 16:21,08/07/2019 13:57,10,6,0,0,8,0,0,7,0,31,31,41.84100418,25.10460251,0,0,33.47280335,0,0,29.28870293,0,129.707113,129.707113,97.55317023,408.9503321,228.7570608,0,468.6869138,0.704561374,2.847930319,67.09189648,0.58966381,0.42520058,3.786070958,0.121736717,15.79089572,1.349623981,18802.90691,3.727293623,16.2586017,10.45446976,156.8051567,0,0,84.06011273,238.5355232,1355.646289,2.048862554,22.92147833,140.5724421
E_E3 18 62 2 S19,E_E3,E,E,18,2,62,S19,583892.6486,5708799.194,31612,22/05/2019 14:22,13/06/2019 13:14,4,0,0,0,4,0,0,2,0,10,10,18.22092876,0,0,0,18.22092876,0,0,9.110464381,0,45.5523219,45.5523219,17.36747604,42.70450942,692.0986306,0,8.718549185,1.018255877,2.589829545,64.94460531,0,0.616798495,4.987602615,1.229094948,12.21023101,1.69169104,28463.46201,1.665495861,9.74242058,10.59537072,252.1136888,0,0.001330279,74.27300343,245.0209945,1298.042546,1.995133665,9.536894243,133.8524238
E_E3 43 57 3 S20,E_E3,E,E,43,3,57,S20,583892.6486,5708799.194,33191,15/06/2020 14:09,08/07/2020 15:20,2,0,0,0,3,0,0,0,0,5,5,8.677051008,0,0,0,13.01557651,0,0,0,0,21.69262752,21.69262752,17.36748114,42.70451303,692.0986343,0,8.718546677,1.018255897,2.494850561,64.52885706,0,0.616798491,4.987602626,1.229094952,12.21023105,1.072417967,29313.09398,1.665495857,9.742420583,10.59537047,252.1136881,0,0.001330277,74.27300324,244.1946009,1291.723983,2.075618924,10.20188449,134.0908184
E_E4 26 26 2 S20,E_E4,E,E,26,2,26,S20,584290.6827,5709861.076,30282,22/05/2020 13:44,12/06/2020 14:26,0,0,0,0,0,0,0,0,0,0,0,0,0,0,0,0,0,0,0,0,0,0,156.1711941,569.4285118,434.2038876,0,656.0622596,12.35400432,1.072621412,62.0988403,0.47894399,0,2.177440831,0,9.576295092,0.924768289,24920.31965,0.745406415,11.9754838,2.459766038,192.5938099,12.15631126,27.43629628,30.58929599,248.5930856,1378.220986,0,4.903595903,134.9731364
E_E4 47 13 3 S19,E_E4,E,E,47,3,13,S19,584290.6827,5709861.076,31701,14/06/2019 11:28,06/07/2019 11:49,2,0,0,0,26,0,0,0,0,28,28,9.084886912,0,0,0,118.1035299,0,0,0,0,127.1884168,127.1884168,156.1711923,569.4285102,434.2038875,0,656.0622612,12.3540044,0.654694331,62.06766119,0.478943994,0,2.177440831,0,9.576295087,1.569605246,25604.6066,0.745406416,11.9754838,2.459766038,192.59381,12.15631134,27.43629628,30.58929599,248.7439755,1383.427246,0,5.277711248,135.0236566
E_E5 24 72 1 S20,E_E5,E,E,24,1,72,S20,587048.3494,5709110.472,24209,28/04/2020 14:59,15/05/2020 10:28,2,0,0,24,8,0,0,0,0,34,10,11.89640216,0,0,142.756826,47.58560866,0,0,0,0,202.2388368,59.48201082,232.2740768,785.8038345,579.7408964,0,598.5146221,0.882633868,0.411019606,72.74482864,0,0,2.658730227,0,13.09034271,1.018101987,21934.56167,0.664870599,15.77010138,39.51131665,570.0509993,0,12.51139572,90.00933272,220.3358528,976.7801031,0.121332165,12.36438283,146.6239636
E_E5 43 28 3 S19,E_E5,E,E,43,3,28,S19,587048.3494,5709110.472,34642,14/06/2019 13:35,08/07/2019 14:57,2,0,0,0,1,0,0,0,0,3,3,8.313607759,0,0,0,4.15680388,0,0,0,0,12.47041164,12.47041164,232.2740739,785.8038339,579.7408984,0,598.5146239,0.882633872,0.373692969,72.76026925,0,0,2.658730226,0,13.09034272,1.267647191,21518.00659,0.664870589,15.77010137,39.51131659,570.0509991,0,12.51139574,90.00933271,220.3118249,982.9408254,0.123102308,13.0263834,148.8647995
E_E6 37 37 1 S19,E_E6,E,E,37,1,37,S19,584530.6215,5712440.104,30185,30/04/2019 18:51,21/05/2019 17:56,0,0,0,0,2,0,0,0,0,2,2,0,0,0,0,9.541162829,0,0,0,0,9.541162829,9.541162829,39.72632951,72.83848806,523.0090605,0,600.6839107,0.690677474,8.585962166,65.4634221,0,0.97799597,5.787451373,0,15.49603202,1.486200285,11718.53043,2.906527615,16.08429756,27.06818882,132.2529061,0,0,145.7503182,227.6960753,1303.343433,4.641802068,22.11352655,161.3923646
E_E6 37 41 2 S20,E_E6,E,E,37,2,41,S20,584530.6215,5712440.104,31393,21/05/2020 17:12,12/06/2020 12:25,1,0,0,0,0,0,0,0,0,1,1,4.587009843,0,0,0,0,0,0,0,0,4.587009843,4.587009843,39.72632679,72.83848554,523.0090613,0,600.6839113,0.690677477,8.474772875,65.42403207,0,0.97799597,5.787451393,0,15.49603208,1.48137019,11854.28049,2.906527623,16.08429756,27.06818913,132.2529061,0,0,145.7503194,227.6341167,1302.26069,4.629366206,22.06801881,160.5502443
E_E7 30 67.2_21 4 S20,E_E7,E,E,30,4,67.2_21,S20,581443.4289,5711717.589,38359,08/07/2020 16:15,04/08/2020 13:50,0,0,0,0,3,0,0,0,0,3,3,0,0,0,0,11.26202456,0,0,0,0,11.26202456,11.26202456,209.1202941,379.2827459,752.2727514,0,318.7989673,0.464939544,8.617098228,66.80638452,0,0.371767367,2.790770567,0.121363889,10.97411214,1.620535281,25667.1031,1.508462872,88.94665598,3.265196334,182.4371802,0,0,3.861865923,246.6053134,1337.435734,6.796872887,32.16719031,141.3891694
E_E7 32 32 1 S19,E_E7,E,E,32,1,32,S19,581443.4289,5711717.589,30133,30/04/2019 16:00,21/05/2019 14:13,0,0,0,0,0,0,0,0,0,0,0,0,0,0,0,0,0,0,0,0,0,0,209.1202956,379.2827424,752.2727518,0,318.7989698,0.464939544,7.369910589,66.79207185,0,0.371767375,2.790770568,0.121363888,10.97411214,1.267323381,27804.42682,1.508462875,88.94665599,3.26519632,182.4371801,0,0,3.861865932,246.5251317,1339.851304,6.810718508,32.25139662,143.3614563
E_E8 38 25 3 S20,E_E8,E,E,38,3,25,S20,580425.5682,5712361.507,26783,15/06/2020 20:32,04/07/2020 10:55,0,0,0,0,1,0,0,1,0,2,2,0,0,0,0,5.376544823,0,0,5.376544823,0,10.75308965,10.75308965,52.97487808,391.7438016,619.7132532,0,255.5346417,3.590693731,2.869275085,61.89324967,0,2.886594481,2.748894889,0.535237399,8.570917321,1.705567954,32417.07695,36.84511771,96.38160139,10.50461713,206.6813863,0,0,39.74326029,214.3071707,1219.608812,2.162387493,12.88550656,180.359994
E_E8 45 39 3 S19,E_E8,E,E,45,3,39,S19,580425.5682,5712361.507,23092,14/06/2019 10:26,30/06/2019 11:18,1,0,0,0,1,0,0,0,0,2,2,6.235925862,0,0,0,6.235925862,0,0,0,0,12.47185172,12.47185172,52.97487818,391.7438038,619.7132556,0,255.5346403,3.590693729,2.199060283,61.83020558,0,2.886594397,2.748894916,0.535237407,8.570917354,1.222680431,35549.16279,36.84511748,96.38160139,10.50461703,206.6813863,0,0,39.74326051,214.1550155,1221.059433,2.199060283,12.95563324,181.6334558
E_E9 40 40 1 S19,E_E9,E,E,40,1,40,S19,576989.854,5712823.296,29807,30/04/2019 20:33,21/05/2019 13:20,4,0,0,2,14,0,0,0,0,20,18,19.32431979,0,0,9.662159895,67.63511927,0,0,0,0,96.62159895,86.95943906,21.13590408,888.00362,757.0068743,0,747.2840131,0.320105843,1.222214686,71.86832108,0,0,2.722968744,0,10.50127733,1.208240462,31495.68524,0.225797886,7.892244702,10.7065792,121.2271444,0,1.147328908,395.2922034,258.9933123,1078.241767,1.222214686,14.69738513,170.0258048
E_E9 46 69 3 S20,E_E9,E,E,46,3,69,S20,576989.854,5712823.296,25723,16/06/2020 10:16,04/07/2020 06:59,1,0,0,0,0,0,0,0,0,1,1,5.598102865,0,0,0,0,0,0,0,0,5.598102865,5.598102865,21.13590117,888.0036185,757.006872,0,747.2840122,0.320105835,1.891570219,70.81121886,0,0,2.722968745,0,10.50127733,1.392106483,30580.90395,0.225797887,7.892244717,10.70657929,121.2271442,0,1.147328949,395.2922042,257.8812488,1076.580916,1.208254186,14.75940295,170.7249578
E_G1 26 26 1 S19,E_G1,E,G,26,1,26,S19,583448.4278,5706131.397,30526,30/04/2019 12:20,21/05/2019 17:06,0,0,0,0,0,0,0,0,0,0,0,0,0,0,0,0,0,0,0,0,0,0,167.6088074,521.499444,281.7916092,72.69450813,292.1270374,3.340187041,9.63778641,59.5273646,1.591717814,0,2.51685876,0.200975686,15.29102153,1.73611689,22646.87534,1.487747013,5.779426282,18.17061917,199.6998555,0.369856694,31.19841568,64.94271771,206.389899,1374.025964,6.217361233,23.07272472,119.0585803
E_G1 39 5 1 S20,E_G1,E,G,39,1,5,S20,581049.2827,5704530.469,30535,28/04/2020 10:32,19/05/2020 15:27,1,1,0,0,2,0,0,0,0,4,4,4.715899787,4.715899787,0,0,9.431799574,0,0,0,0,18.86359915,18.86359915,101.2834163,468.6639054,214.9701973,70.05744605,91.70678639,5.309316089,8.887157207,54.97233592,1.012397944,0.126813007,3.003900381,1.003589486,13.57233583,1.904992473,18474.6565,0.712729813,5.691154956,16.61326761,98.68828355,4.451513055,66.35721813,786.0492406,160.0622539,797.3019853,8.654758757,36.4328847,94.34161627
E_G10 12 30 3 S20,E_G10,E,G,12,3,30,S20,579173.1221,5715568.117,27547,16/06/2020 11:10,08/07/2020 12:25,0,0,0,0,0,0,0,0,0,0,0,0,0,0,0,0,0,0,0,0,0,0,99.52982857,206.6795694,134.7216634,93.22561433,105.7956559,1.85107809,3.047858011,62.36915359,3.676752695,0.365242378,3.712090578,1.422813633,11.6137036,1.645626047,19417.07534,1.172429448,30.76693329,9.56966553,182.5901751,0,0,24.41298971,244.5409784,1321.400085,2.305173022,23.08601002,186.4184452
E_G10 26 10 3 S19,E_G10,E,G,26,3,10,S19,579170.6057,5715534.04,17685,15/06/2019 10:45,27/06/2019 17:30,0,0,0,0,0,0,0,0,0,0,0,0,0,0,0,0,0,0,0,0,0,0,77.56280628,240.8342495,133.063304,71.34442795,83.72620146,1.835330637,2.973201216,62.41138698,3.676752695,0.350553105,3.816790137,1.437971384,11.75473563,1.477223893,20195.54237,1.180158149,32.89320375,9.41315911,184.2763618,0,0,24.8346592,242.4303999,1314.984628,2.196621247,24.60209711,188.0314689
E_G11 33 20 1 S20,E_G11,E,G,33,1,20,S20,579670.1722,5716080.039,31220,27/04/2020 18:32,19/05/2020 10:52,0,0,0,0,0,0,0,0,0,0,0,0,0,0,0,0,0,0,0,0,0,0,179.2001219,368.8793664,384.5105237,69.80722191,212.0031082,1.382001042,1.248147308,67.42668398,1.028076611,0.252628402,3.834851989,0.784853602,12.30268891,1.439326213,21928.05682,0.852605498,14.55243282,28.30551206,132.3384136,0,0,12.61208331,237.6855229,1444.920642,1.248147308,15.56205002,160.154822
E_G11 38 9 2 S19,E_G11,E,G,38,2,9,S19,579670.1722,5716080.039,30332,23/05/2019 15:14,13/06/2019 16:46,0,0,0,0,0,0,0,0,0,0,0,0,0,0,0,0,0,0,0,0,0,0,179.2001163,368.8793649,384.5105187,69.80722036,212.0031024,1.382001049,1.268318634,67.40405525,1.028076611,0.252628404,3.834851996,0.784853627,12.3026889,1.302529223,21917.78516,0.852605502,14.55243305,28.30551229,132.3384136,0,0,12.61208331,237.6424358,1446.712915,1.248145634,15.93768644,159.3114972
E_G12 31 48 3 S20,E_G12,E,G,31,3,48,S20,583808.2234,5715929.35,24154,16/06/2020 16:14,03/07/2020 10:48,0,0,0,0,0,0,0,0,0,0,0,0,0,0,0,0,0,0,0,0,0,0,85.59123039,458.5884947,424.9277619,85.62049145,491.6164856,4.303594331,2.981477457,63.66776951,0.592821273,0.236815436,3.81396562,0.061260905,11.43146902,1.588332593,47272.8983,2.5967908,12.84339285,3.069041423,205.7709087,3.97980025,3.97980025,132.5242032,253.3901307,1225.970162,2.981477457,13.87251318,175.6672425
E_G12 46 56 2 S19,E_G12,E,G,46,2,56,S19,584034.8451,5715372.01,34678,20/05/2019 12:48,13/06/2019 14:46,0,0,0,0,0,0,0,0,0,0,0,0,0,0,0,0,0,0,0,0,0,0,95.00190157,190.8732061,426.1508373,71.60515976,408.5274871,4.707756593,0.852335431,62.40106278,0.969502302,1.44239665,6.136084576,0.387152168,11.8453561,1.557568278,40474.36632,3.581462019,12.63464838,13.7369452,117.2238253,0.114800185,9.628711743,210.3101897,223.7333284,1228.67165,0.592281398,18.41238338,176.0894065
E_G13 36 50 1 S20,E_G13,E,G,36,1,50,S20,581057.8882,5716674.713,31265,27/04/2020 18:00,19/05/2020 11:05,0,0,0,0,0,0,0,0,0,0,0,0,0,0,0,0,0,0,0,0,0,0,236.3975209,902.4675244,457.8350132,74.01524293,619.62205,0.798265826,1.709650065,70.75363461,0.169167605,0,3.14029098,0,12.56987645,1.433921424,32279.15987,0.195733111,10.41841023,12.4976384,59.01020769,0,0,18.27673322,258.8893883,1583.934927,1.393017444,10.51533441,108.3682473
E_G13 37 3 3 S19,E_G13,E,G,37,3,3,S19,581057.8882,5716674.713,24311,15/06/2019 17:59,02/07/2019 15:10,0,0,0,0,0,0,0,0,0,0,0,0,0,0,0,0,0,0,0,0,0,0,236.3975222,902.4675246,457.835013,74.01524082,619.6220502,0.798265825,2.011691897,70.27314351,0.169167606,0,3.140290968,0,12.56987639,0.956502457,32934.97695,0.19573311,10.41841023,12.49763844,59.01020758,0,0,18.27673319,258.8887487,1585.568291,2.011691897,11.22669786,107.1681891
E_G14 28 20 3 S20,E_G14,E,G,28,3,20,S20,588143.9628,5711426.72,31710,15/06/2020 15:51,07/07/2020 16:21,0,0,0,0,0,0,0,0,0,0,0,0,0,0,0,0,0,0,0,0,0,0,79.14872269,102.5209518,718.0523947,29.77174391,710.8872833,11.64457138,10.45894225,56.35830105,0,0.439625671,2.854673311,0,17.35842707,1.761606231,10569.12008,0.904844598,5.100579524,8.538324676,106.214759,6.589017986,41.22861376,387.194851,215.8263843,1155.446819,2.477118365,13.39674753,124.4834306
E_G14 40 19 3 S19,E_G14,E,G,40,3,19,S19,588143.9628,5711426.372,34616,14/06/2019 14:18,08/07/2019 15:14,3,3,0,0,0,0,0,2,0,8,8,12.47977814,12.47977814,0,0,0,0,0,8.319852092,0,33.27940837,33.27940837,79.48874757,102.859586,717.914148,29.43524315,711.0310304,11.6580709,10.47287481,56.23885279,0,0.439582414,2.8544828,0,17.35644156,1.510100711,10429.29835,0.904881205,5.100394278,8.537824086,106.2272847,6.606439375,41.20717766,387.1551422,215.6723363,1156.811691,2.483751657,13.40421763,126.2775884
E_G15 21 44 3 S19,E_G15,E,G,21,3,44,S19,578038.9393,5716625.73,33007,15/06/2019 11:10,08/07/2019 09:17,0,0,0,0,1,0,0,0,0,1,1,0,0,0,0,4.36271094,0,0,0,0,4.36271094,4.36271094,37.47505798,839.5739509,423.0495495,23.27923495,28.19304584,0.656660859,2.678378396,71.34779847,0.398396049,0,2.515606544,0.602014767,10.02946668,1.930281936,27149.2709,0.610460402,7.279414615,33.97035536,139.1529701,0,0,258.1639456,245.727421,1238.386706,1.156109029,7.115290328,149.0252
E_G15 42 28 2 S20,E_G15,E,G,42,2,28,S20,577894.4322,5716624.84,29751,22/05/2020 17:29,12/06/2020 09:20,0,0,0,0,0,0,0,0,0,0,0,0,0,0,0,0,0,0,0,0,0,0,165.3739311,887.4002343,500.4116644,86.71611464,168.3895265,0.547960153,2.04433397,72.55552399,0,0,2.223111698,0.512110084,9.60411176,1.333962662,26336.7352,0.463132051,7.412155233,36.48312908,133.4543695,0,0,293.8634722,243.2885242,1213.178937,1.424427177,6.438279983,147.0709617
E_G16 11 58 3 S19,E_G16,E,G,11,3,58,S19,576951.3393,5717575.505,32990,15/06/2019 11:39,08/07/2019 09:29,0,0,0,0,2,0,0,0,0,2,2,0,0,0,0,8.729918157,0,0,0,0,8.729918157,8.729918157,108.7132421,291.5382367,133.0542598,54.90110867,179.5804381,8.36038295,5.403492994,51.28000709,10.50496287,0.916333887,2.052823236,1.70100539,9.774874749,1.866405081,24350.34925,1.704899344,13.48581925,27.32824755,116.1249114,6.772038084,42.43758623,602.4912315,193.5638533,967.1531995,4.912829115,29.54989752,125.1568379
E_G16 34 7 3 S20,E_G16,E,G,34,3,7,S20,576964.5511,5717576.707,30104,16/06/2020 11:44,07/07/2020 09:28,0,0,0,0,2,0,0,0,0,2,2,0,0,0,0,9.566834972,0,0,0,0,9.566834972,9.566834972,96.81066803,300.8004231,123.6534699,55.75511148,177.8154341,8.232741665,5.283546816,52.1136386,9.715439065,0.900384031,2.092145066,1.627637548,9.909333451,1.869423051,24504.44092,1.693772959,13.47784189,27.32824755,116.1463531,6.626912763,42.50057799,598.1374293,193.6764003,972.8699138,4.81383332,29.17117411,124.3225236
E_G17 25 47 1 S20,E_G17,E,G,25,1,47,S20,582550.3704,5718968.776,31460,27/04/2020 15:45,19/05/2020 12:05,0,0,0,0,0,0,0,0,0,0,0,0,0,0,0,0,0,0,0,0,0,0,191.682189,514.5923078,198.6823746,132.6783694,223.9200946,10.69314607,5.131276036,57.0133587,2.301168144,0,1.731383131,0.541081105,8.151278425,1.82412,50242.66317,2.671542352,20.35532417,9.1023043,216.2982384,10.3394597,11.54075491,181.6669411,226.9026257,1137.693605,4.10716499,32.70363675,170.126177
E_G17 34 34 1 S19,E_G17,E,G,34,1,34,S19,581806.0058,5719233.006,33051,30/04/2019 17:08,23/05/2019 15:59,0,0,0,0,0,0,0,0,0,0,0,0,0,0,0,0,0,0,0,0,0,0,134.1654033,958.5184251,787.9833288,93.82379239,703.3446608,1.147472224,0.408611297,73.3001819,0,0,1.993646082,0,9.405847543,1.181352317,47595.36214,0.173999724,19.69441896,2.621780822,190.687799,0,3.244772924,147.5819316,287.3371972,1214.573107,0.150764305,1.016747909,147.7606443
E_G18 21 34 1 S20,E_G18,E,G,21,1,34,S20,579032.2884,5712440.277,31620,27/04/2020 10:21,19/05/2020 09:21,0,0,0,0,2,0,0,1,0,3,3,0,0,0,0,9.108159393,0,0,4.554079696,0,13.66223909,13.66223909,69.22910133,430.186124,378.1184072,55.27766089,328.4500165,9.371818612,3.988416218,54.72524544,1.562661115,0.276552498,3.547573322,0.476737976,10.5793573,1.873866368,29231.7729,1.976650554,91.4435967,30.03193591,129.0398457,5.995488699,13.90359121,173.9175998,215.6705797,1175.093256,1.89949402,14.11148153,179.4364719
E_G18 31 31 1 S19,E_G18,E,G,31,1,31,S19,580480.8065,5709645.649,18698,30/04/2019 15:26,13/05/2019 15:04,0,0,0,0,0,0,0,0,0,0,0,0,0,0,0,0,0,0,0,0,0,0,64.37170944,115.2605443,429.8904943,58.62192157,443.4514003,6.993323788,8.078453254,57.70382917,0.969752968,0.324409011,2.473053775,0.083632345,13.74100749,1.580521663,19441.71895,2.427458051,7.107953618,33.97437131,124.6565793,3.531298117,59.0092945,472.6448037,167.7883122,1100.408555,6.937367005,26.56921181,112.2453991
E_G2 25 25 1 S19,E_G2,E,G,25,1,25,S19,582964.8264,5704287.504,30535,30/04/2019 11:51,21/05/2019 16:46,0,0,0,0,0,0,0,0,0,0,0,0,0,0,0,0,0,0,0,0,0,0,125.1944926,788.2686278,238.6321033,85.95780072,180.5018093,2.31457808,4.496028928,70.32123944,0.057181619,0,2.89217282,0.499647337,11.67656679,1.247678567,31897.67306,0.766797902,6.374564441,10.2649078,115.6371876,0,3.878930234,322.6024616,244.8762913,1000.33919,0.889762402,2.24645612,118.4005105
E_G2 49 46 2 S20,E_G2,E,G,49,2,46,S20,582921.8144,5704216.39,30438,22/05/2020 12:45,12/06/2020 16:03,0,0,0,0,0,0,0,0,0,0,0,0,0,0,0,0,0,0,0,0,0,0,165.0519382,783.7842408,160.7798625,100.8159589,102.08728,2.557637028,4.32550175,70.22762834,0.057181619,0,2.845507596,0.515380239,11.51607925,1.37272978,32261.24698,0.771335189,6.342179128,11.73360999,114.5392364,0,7.533246799,347.5078841,235.0195636,965.4212667,0.889762402,2.266313383,121.4011697
E_G3 1 44 4 S20,E_G3,E,G,1,4,44,S20,582907.9464,5708201.582,22498,08/07/2020 15:43,24/07/2020 06:41,0,0,0,0,11,0,0,0,0,11,11,0,0,0,0,70.40625833,0,0,0,0,70.40625833,70.40625833,191.2137242,249.9419245,198.0517963,139.9157215,235.0870552,0.258345705,4.130001341,63.78073349,5.457094742,0.083257828,2.931776692,0.736991945,10.95960485,1.476966222,29161.06788,1.303248559,6.88182898,26.14367078,166.1541705,0,1.776693575,120.6334369,233.1066376,1372.701519,2.277999945,19.65055157,99.22425908
E_G3 30 30 1 S19,E_G3,E,G,30,1,30,S19,582860.5711,5708489.249,30257,30/04/2019 14:35,21/05/2019 14:52,0,0,0,0,0,0,0,0,0,0,0,0,0,0,0,0,0,0,0,0,0,0,222.8983484,233.0533254,449.4236663,100.4356329,410.0750378,3.172166662,3.571628051,65.89799094,0.273539577,0.446527097,2.825146967,0.323460214,11.03198046,1.565694819,26593.76055,1.083985927,7.118359338,34.50315636,141.6290603,0,0,119.9689209,228.5022837,1405.855899,2.910215753,16.08024913,91.62597054
E_G4 22 11 3 S19,E_G4,E,G,22,3,11,S19,586222.2966,5710831.546,34299,14/06/2019 18:47,08/07/2019 14:26,0,0,0,0,1,0,0,0,0,1,1,0,0,0,0,4.19837313,0,0,0,0,4.19837313,4.19837313,144.4447517,297.266113,255.4438479,73.10000349,135.1415693,0.592947349,11.02711165,53.45200882,6.240012123,0.374119827,3.90296819,1.055518238,16.5728447,1.591962441,9086.054373,2.904951685,11.98068714,49.69415583,146.4770766,0,2.363305661,149.926685,185.0714745,1333.517995,10.68134644,44.07586525,135.6127944
E_G4 7 25 1 S20,E_G4,E,G,7,1,25,S20,585240.5703,5710336.291,30231,28/04/2020 14:16,19/05/2020 14:07,0,0,0,0,0,0,0,0,0,0,0,0,0,0,0,0,0,0,0,0,0,0,36.34385655,123.4970757,524.3460501,34.51588126,58.53363077,5.157436422,20.98632697,45.32338364,0,0.632339302,4.15139235,0.93086938,16.05617537,1.709090358,9783.211871,3.018685189,13.37039321,29.65173617,205.5690274,3.873850098,27.07410148,66.42307183,173.8180187,1325.059782,19.72041701,50.19736157,149.9729786
E_G5 21 49 2 S19,E_G5,E,G,21,2,49,S19,582418.3772,5710933.401,31779,22/05/2019 16:52,13/06/2019 18:31,0,0,0,0,1,0,0,0,0,1,1,0,0,0,0,4.531294251,0,0,0,0,4.531294251,4.531294251,380.8547199,493.3823871,882.164373,66.52357609,743.4822286,0.228966453,0.077635705,74.96948155,0,0.001886288,1.803388385,0,7.63913524,1.284139714,42964.11572,1.110217429,10.69401611,0.771018256,151.4886661,0,0,27.27510593,261.3510017,1459.968369,0,25.29616166,125.3864925
E_G5 40 4 2 S20,E_G5,E,G,40,2,4,S20,582253.0556,5710764.305,31239,21/05/2020 19:21,12/06/2020 12:00,0,0,0,0,0,0,0,0,0,0,0,0,0,0,0,0,0,0,0,0,0,0,290.1809968,704.0227604,673.4297442,132.1169149,762.6577566,0.745902163,0.140470697,73.80679369,0,0,2.187985019,0,8.670629504,0.839445326,37467.95273,1.133094502,8.526353314,2.453579176,140.6362858,0,0,26.58812945,255.7624168,1485.663948,0,21.1726268,114.2312055
E_G6 10 45 2 S19,E_G6,E,G,10,2,45,S19,582657.3919,5711478.575,31814,22/05/2019 16:27,13/06/2019 18:41,0,0,0,0,0,0,0,0,0,0,0,0,0,0,0,0,0,0,0,0,0,0,40.76742348,496.4579998,1121.176606,35.03560296,848.8558303,2.625061699,3.881489654,68.69032125,0,0.003276682,1.928549389,0,11.17367947,1.232923381,26317.47367,1.375646876,32.68587682,0,155.0265832,0,0,26.30619678,261.1445366,1440.88293,2.316130196,21.77648451,121.2303603
E_G6 22 21 2 S20,E_G6,E,G,22,2,21,S20,583150.1144,5711764.502,21727,22/05/2020 15:29,06/06/2020 17:36,0,1,0,0,0,0,0,0,0,1,1,0,6.627698256,0,0,0,0,0,0,0,6.627698256,6.627698256,55.87605025,581.1124884,601.0804661,50.11754352,695.4052268,2.023816068,1.497754854,71.3698352,0,0,1.82363463,0,11.6572352,0.945135826,26898.08412,1.208108776,17.23382446,0.057529725,125.4504912,0,0,28.91552509,266.0949707,1446.197134,0.527171257,15.11600337,141.9020614
E_G7 1 46 1 S20,E_G7,E,G,1,1,46,S20,579603.6652,5711687.911,31603,27/04/2020 10:49,19/05/2020 09:32,0,0,0,2,1,0,0,0,0,3,1,0,0,0,9.113058887,4.556529443,0,0,0,0,13.66958833,4.556529443,43.81265233,1180.27385,683.1835665,39.53910458,734.5061269,0.525291019,0.269477293,74.28373496,0,0,2.235298378,0,8.292672788,1.712049451,31256.44896,0,88.29718439,8.895915814,153.3028148,0,0.643139976,242.1392797,273.0135958,1113.005076,0,1.670928307,160.0881016
E_G7 13 8 3 S19,E_G7,E,G,13,3,8,S19,579603.6652,5711687.911,17148,18/06/2019 14:23,30/06/2019 12:11,0,0,0,0,0,0,0,0,0,0,0,0,0,0,0,0,0,0,0,0,0,0,43.81265396,1180.273847,683.1835697,39.53910621,734.5061301,0.525291022,0.269477293,74.20723853,0,0,2.235298376,0,8.292672803,0.777514905,31238.92571,0,88.29718439,8.895915614,153.3028148,0,0.643139974,242.1392793,273.4944666,1116.247584,0,2.050947269,161.3418831
E_G8 18 45 2 S20,E_G8,E,G,18,2,45,S20,579343.9132,5712381.739,27543,21/05/2020 09:49,09/06/2020 12:52,0,0,0,0,0,0,0,0,0,0,0,0,0,0,0,0,0,0,0,0,0,0,92.63368594,623.1528021,399.7893812,87.13859809,245.5618327,3.072656649,2.743396178,65.37106303,0.868534911,0,3.858715914,0.749575547,11.117612,1.585108399,27770.31146,1.585241109,94.42665978,33.54541982,144.354746,0,10.87516125,173.4804872,213.1505293,1148.422288,1.482160105,14.15418558,189.3481239
E_G8 22 41 2 S19,E_G8,E,G,22,2,41,S19,579877.4973,5712240.169,30584,23/05/2019 12:10,13/06/2019 17:54,1,1,0,0,1,0,0,0,0,3,3,4.708344232,4.708344232,0,0,4.708344232,0,0,0,0,14.1250327,14.1250327,110.5479956,721.5481641,621.2744676,85.82121316,199.9900837,3.32204627,0.040670871,67.90014567,0,0,3.350384667,0.818385292,8.975325628,1.1332085,38802.42081,8.481312507,95.59617649,16.03643807,182.747233,0,0,145.7805264,233.8820471,1140.095199,0.000430528,13.7015596,191.5623344
E_G9 26 47 2 S19,E_G9,E,G,26,2,47,S19,576450.3521,5712986.344,30798,23/05/2019 10:18,13/06/2019 19:36,0,1,0,0,0,0,0,0,0,1,1,0,4.675628288,0,0,0,0,0,0,0,4.675628288,4.675628288,99.32606659,530.0923239,538.4878156,90.22822357,370.8469722,3.863834695,5.033018343,62.79388255,0,0,3.782407228,1.127847789,9.719655173,1.59487138,33637.76443,1.033526849,9.159219783,36.65438845,100.4775604,2.189746576,32.85162034,563.586884,188.5457965,991.0703884,5.033018343,21.64022258,131.3344916
E_G9 49 16 3 S20,E_G9,E,G,49,3,16,S20,576450.7043,5713004.37,32186,16/06/2020 09:42,08/07/2020 18:08,0,1,0,0,0,0,0,0,0,1,1,0,4.473994905,0,0,0,0,0,0,0,4.473994905,4.473994905,117.0469179,519.7361088,555.816293,84.39444769,376.574242,4.225442538,5.410424248,61.79343022,0,0,3.818683784,1.21499208,9.804899346,1.319533475,33695.73607,1.049909957,9.204018895,37.94967088,99.9052054,2.231444191,33.81730634,565.6158923,184.6813347,994.3883659,5.410424248,20.96142857,129.8493114
E_H1 24 24 1 S19,E_H1,E,H,24,1,24,S19,581760.7172,5704119.941,30552,30/04/2019 11:20,21/05/2019 16:32,2,0,0,0,21,1,0,0,0,24,24,9.426551453,0,0,0,98.97879026,4.713275727,0,0,0,113.1186174,113.1186174,0,309.7616937,329.6212854,2.502175541,359.6200426,4.75741952,17.46887175,52.83538532,0.47891597,0.352284013,3.189207504,0.539984968,16.02972638,1.75303659,18904.00519,0.904831219,6.448271256,10.57847315,116.4265297,2.507417144,42.12560347,685.9167965,192.8239828,752.0951955,12.98971265,30.33234126,101.7117577
E_H1 45 1 3 S20,E_H1,E,H,45,3,1,S20,581760.7172,5704119.941,32068,15/06/2020 10:52,07/07/2020 17:20,4,0,2,0,1,0,0,3,0,10,10,17.96183111,0,8.980915554,0,4.490457777,0,0,13.47137333,0,44.90457777,44.90457777,0,309.7616888,329.6212802,2.502181258,359.6200369,4.757419322,16.11215576,52.80900812,0.47891597,0.352284016,3.189207475,0.539984982,16.02972637,1.785311243,17899.674,0.904831219,6.448271242,10.57847339,116.4265296,2.507416943,42.12560299,685.9167969,192.7350879,750.106735,13.0145702,30.1668819,100.9458488
E_H10 25 44 2 S19,E_H10,E,H,25,2,44,S19,579671.9922,5714038.418,30503,23/05/2019 13:08,13/06/2019 17:31,0,0,0,0,4,0,0,0,0,4,4,0,0,0,0,18.88338852,0,0,0,0,18.88338852,18.88338852,0,409.2958329,112.7092335,0,308.6685088,0.644765593,13.59117434,46.33079277,5.435159533,0.138308036,4.871128964,0.758319993,12.50790669,1.633868037,24909.7539,22.01208258,94.65472122,46.853045,165.8154608,0,8.067039497,30.72469498,118.6104926,1251.1655,13.59117434,67.81235101,186.1026363
E_H10 45 67 1 S20,E_H10,E,H,45,1,67,S20,579671.9922,5714038.418,31589,27/04/2020 11:19,19/05/2020 09:48,2,0,0,0,10,0,1,3,2,18,18,9.117097724,0,0,0,45.58548862,0,4.558548862,13.67564659,9.117097724,82.05387952,82.05387952,0,409.2958387,112.7092341,0,308.6685042,0.644765597,14.96416359,46.54695292,5.435159863,0.13830803,4.871128908,0.758320005,12.50790663,2.191551036,24881.50334,22.01208303,94.65472121,46.85304528,165.8154602,0,8.067039511,30.724695,118.8119386,1250.468603,13.28914035,68.83297833,185.6027825
E_H11 43 3xx 2 S20,E_H11,E,H,43,2,3xx,S20,580061.6439,5716752.871,31607,21/05/2020 10:55,12/06/2020 09:42,3,1,1,0,0,1,0,8,0,14,14,13.66785839,4.555952795,4.555952795,0,0,4.555952795,0,36.44762236,0,63.78333913,63.78333913,0,1146.33683,355.8035035,0,687.0744027,2.179163611,4.440394577,67.39998027,0.800416763,0,3.499863839,0,13.8725911,1.65646881,24522.76556,0,10.09333106,7.983912988,103.3853177,0,0,17.69623939,273.4383505,1541.018178,2.652869594,4.49597474,93.99603145
E_H11 47 72 4 S19,E_H11,E,H,47,4,72,S19,580061.6439,5716752.871,30040,10/07/2019 16:26,31/07/2019 13:06,0,0,0,0,2,0,0,1,0,3,3,0,0,0,0,9.587217044,0,0,4.793608522,0,14.38082557,14.38082557,0,1146.336831,355.803506,0,687.0744056,2.179163614,2.382533581,67.65227346,0.800416769,0,3.499863836,0,13.87259108,1.389663828,25003.39255,0,10.09333103,7.983912807,103.3853178,0,0,17.69623948,273.051977,1542.877647,2.382533581,5.122611337,95.78612176
E_H12 22 60 4 S19,E_H12,E,H,22,4,60,S19,580088.4616,5718647.352,25304,10/07/2019 17:12,28/07/2019 06:56,7,0,0,0,4,0,0,1,0,12,12,39.83559911,0,0,0,22.76319949,0,0,5.690799874,0,68.28959848,68.28959848,0,814.7125778,803.249358,0.880407476,1042.344276,2.250132792,2.967328297,68.55344125,0,0,2.269794421,0,10.61672469,1.428466093,27245.09975,1.167403497,11.64187821,1.128682312,150.4743802,0,15.35054083,155.6468758,257.5973641,1428.640904,2.378121337,6.73426965,48.68988259
E_H12 9 15 1 S20,E_H12,E,H,9,1,15,S20,580088.4616,5718647.352,31316,27/04/2020 17:24,19/05/2020 11:20,3,0,0,0,0,0,0,0,0,3,3,13.79486524,0,0,0,0,0,0,0,0,13.79486524,13.79486524,0,814.7125788,803.2493592,0.880410396,1042.344279,2.250132786,3.245936102,68.2738643,0,0,2.26979441,0,10.61672465,1.802726312,25519.17174,1.167403425,11.64187819,1.128682302,150.4743801,0,15.35054056,155.6468757,257.039277,1428.555079,2.415945653,6.718199062,47.38692129
E_H13 3 48 3 S19,E_H13,E,H,3,3,48,S19,579532.2883,5717152.408,32948,15/06/2019 12:53,08/07/2019 10:01,2,0,0,0,28,0,0,11,0,41,41,8.741046498,0,0,0,122.374651,0,0,48.07575574,0,179.1914532,179.1914532,0,1282.650056,437.0272296,4.305909027,737.7134203,1.117865982,0.88791988,71.29051713,0.651502146,0,2.860261791,0,11.29972666,1.503106247,24782.15174,0,3.666285318,3.58364481,120.0576896,0,0,57.8921404,281.8855218,1531.205647,0.789152661,2.47848365,64.7803007
E_H13 6 56 2 S20,E_H13,E,H,6,2,56,S20,579531.072,5717149.848,31547,21/05/2020 11:45,12/06/2020 09:32,0,0,0,0,140,0,0,1,0,141,141,0,0,0,0,639.046502,0,0,4.564617872,0,643.6111199,643.6111199,0,1282.801872,438.445966,5.288783078,738.3402953,1.103132503,2.780114625,71.20342443,0.626279154,0,2.850295623,0,11.29458403,1.567419594,25344.7788,0,3.661756759,3.580660742,120.1938134,0,0,57.57324794,281.906232,1531.697015,1.005731539,2.736427716,63.27982563
E_H2 20 20 1 S19,E_H2,E,H,20,1,20,S19,581111.7741,5705906.454,30691,30/04/2019 09:13,21/05/2019 16:44,3,0,0,0,1,0,0,0,0,4,4,14.07578769,0,0,0,4.69192923,0,0,0,0,18.76771692,18.76771692,0,320.2956622,413.0408742,0.134769905,370.4332754,8.079458988,22.11734275,48.89706445,0.29087712,0.311081735,3.896226637,0.632822189,19.316255,1.931239427,13927.89241,0.687903478,5.132649942,23.45382104,124.1755504,3.606844291,71.45125085,646.5803882,163.7961523,941.833311,10.64354244,25.62445861,107.8975097
E_H2 3 52 2 S20,E_H2,E,H,3,2,52,S20,581142.6057,5705905.838,30689,22/05/2020 09:46,12/06/2020 17:15,40,0,0,0,1,0,0,0,0,41,41,187.6894001,0,0,0,4.692235003,0,0,0,0,192.3816351,192.3816351,0,323.8565371,428.5934278,0.407445954,369.902971,6.242325856,22.3215597,50.57185775,0.28815056,0.294088698,3.975333419,0.637535638,19.54332254,1.687868027,14612.30542,0.686586829,5.137419162,25.85910093,124.6298881,1.858243702,65.79401075,644.4695675,166.208734,936.0064692,10.62943219,25.99521348,112.1954734
E_H3 14 34 2 S20,E_H3,E,H,14,2,34,S20,580925.3012,5708690.738,30296,22/05/2020 13:10,12/06/2020 14:06,1,0,0,0,4,0,0,3,0,8,8,4.75310272,0,0,0,19.01241088,0,0,14.25930816,0,38.02482176,38.02482176,0,699.9416578,663.0968594,3.880701281,318.455032,8.521270439,1.334122662,64.52340116,0,0,2.01023605,0.49284337,9.815175736,1.533324365,32003.98144,1.335361108,6.387972295,8.258569452,143.2728952,7.819800699,80.32634119,509.9583516,194.1921023,1054.717966,0.168254789,10.9019998,101.594593
E_H3 17 74 2 S19,E_H3,E,H,17,2,74,S19,580925.3012,5708690.738,22996,22/05/2019 13:12,07/06/2019 12:28,0,0,1,0,1,0,0,1,0,3,3,0,0,6.261958601,0,6.261958601,0,0,6.261958601,0,18.7858758,18.7858758,0,699.9416613,663.0968581,3.880702852,318.4550286,8.521270354,1.723312027,64.50183145,0,0,2.010236065,0.492843389,9.815175786,1.32287204,30764.58757,1.335361105,6.387972303,8.258569543,143.2728951,7.819800624,80.32634092,509.9583512,194.4126852,1057.189057,0.168254524,10.92964534,102.9118664
E_H4 18 21 3 S19,E_H4,E,H,18,3,21,S19,586243.0332,5708737.357,34664,14/06/2019 13:05,08/07/2019 14:49,0,0,0,0,1,0,0,4,0,5,5,0,0,0,0,4.154165705,0,0,16.61666282,0,20.77082853,20.77082853,0,468.9409166,331.2618093,0,255.4464274,3.187530589,13.4041706,45.68019547,4.666852675,0.23091846,3.11330547,0.723141581,16.20858416,1.871463534,17739.80729,2.422896304,16.05041392,78.84621331,612.6440143,0,0.8333922,59.35309279,161.2194653,972.775807,13.19274378,34.87884156,141.5827774
E_H4 43 57 1 S20,E_H4,E,H,43,1,57,S20,586243.0332,5708737.357,30194,28/04/2020 14:42,19/05/2020 13:56,0,0,0,0,3,0,0,0,0,3,3,0,0,0,0,14.30747831,0,0,0,0,14.30747831,14.30747831,0,468.9409117,331.2618046,0,255.4464221,3.187530625,13.36977299,45.64390698,4.666852754,0.230918489,3.113305502,0.723141587,16.20858416,2.014505402,17558.33795,2.422896307,16.05041391,78.84621396,612.6440146,0,0.8333922,59.35309252,161.1337483,966.1750711,13.12185854,34.26500382,139.902131
E_H5 28 16 1 S20,E_H5,E,H,28,1,16,S20,587551.0343,5712173.171,30128,28/04/2020 15:23,19/05/2020 13:31,0,0,0,0,0,0,0,0,0,0,0,0,0,0,0,0,0,0,0,0,0,0,0,655.0074209,1120.322687,0,211.1830746,6.03320678,4.072077325,66.72489505,0,0,2.716867018,0.575829037,11.98011775,1.206487312,18068.24931,0.579962349,8.816462572,0,136.8099373,4.374457171,100.1916031,432.591337,181.6719475,1102.996145,0,7.087131418,106.3421338
E_H5 35 35 1 S19,E_H5,E,H,35,1,35,S19,587551.0343,5712173.171,33104,30/04/2019 17:59,23/05/2019 17:43,4,0,0,2,11,0,0,1,0,18,16,17.39971,0,0,8.699855002,47.84920251,0,0,4.349927501,0,78.29869502,69.59884002,0,655.0074189,1120.322689,0,211.1830776,6.033206622,4.793544643,66.83542415,0,0,2.716867027,0.575829036,11.98011778,1.392600078,18090.25234,0.579962348,8.816462568,0,136.8099376,4.374457003,100.1916027,432.5913365,181.7897592,1102.913304,0,7.150741696,107.2487084
E_H6 44 23 3 S19,E_H6,E,H,44,3,23,S19,582983.7632,5712466.297,34344,14/06/2019 16:57,08/07/2019 13:21,0,1,0,0,1,0,0,6,0,8,8,0,4.192872117,0,0,4.192872117,0,0,25.1572327,0,33.54297694,33.54297694,0,513.8622109,444.6178559,0,333.2100797,1.562349259,5.055526882,64.0237542,0.304064457,0,3.133546992,0.460460615,14.88657063,1.233577728,22016.2412,2.298105606,58.66701762,20.85522039,127.1453872,0,0.661974958,6.185149178,215.3898303,1425.750998,5.031211777,37.48580742,146.3614958
E_H6 8 49 2 S20,E_H6,E,H,8,2,49,S20,582983.7632,5712466.297,31437,21/05/2020 16:14,12/06/2020 12:11,2,0,0,0,1,0,0,0,0,3,3,9.161179502,0,0,0,4.580589751,0,0,0,0,13.74176925,13.74176925,0,513.862213,444.6178538,0,333.2100811,1.562349268,5.079288064,64.02380259,0.304064435,0,3.133546985,0.460460612,14.88657062,1.286972398,21518.05621,2.298105603,58.66701742,20.85522027,127.1453873,0,0.661974958,6.185149319,215.3288106,1423.964474,5.054993861,37.51889499,146.4786048
E_H7 23 50 3 S20,E_H7,E,H,23,3,50,S20,577814.1652,5712339.567,31591,16/06/2020 19:15,08/07/2020 17:46,2,3,0,0,10,0,0,0,0,15,15,9.116520528,13.67478079,0,0,45.58260264,0,0,0,0,68.37390396,68.37390396,0,268.9524403,802.3667521,2.078100647,1155.684388,0.595893154,1.657889318,72.72630502,0,0.347846121,2.589002445,0,8.872071899,1.534267906,38033.02518,0.87282112,6.641655909,2.2381015,167.2984943,0,38.93455214,209.8329036,247.8946569,1184.753668,1.199874434,3.313544759,180.6770197
E_H7 49 67.2 3 S19,E_H7,E,H,49,3,67.2,S19,577811.6111,5712334.3,30020,18/06/2019 15:11,09/07/2019 11:31,0,0,0,0,3,0,0,0,0,3,3,0,0,0,0,14.3904064,0,0,0,0,14.3904064,14.3904064,0,272.1712777,807.1554901,1.437212941,1160.62921,0.598884603,2.13400381,72.79977359,0,0.347846121,2.567167954,0,8.829042093,0.977450509,38046.45349,0.871232122,6.654892039,2.182620593,167.512601,0,39.19551529,210.0395088,248.9705232,1189.375451,0.981683596,3.125677803,177.9105426
E_H8 12 19 2 S20,E_H8,E,H,12,2,19,S20,588641.6322,5711581.349,30128,22/05/2020 16:12,12/06/2020 14:20,0,0,0,0,0,0,0,3,0,3,3,0,0,0,0,0,0,0,14.33882103,0,14.33882103,14.33882103,0,61.97128529,252.9699378,0,197.9918808,3.763687933,9.383197126,54.82351201,5.901527544,0.336131851,2.812995302,0.864946715,17.52562479,1.710544615,11400.35642,0.739145609,5.202499828,42.34149639,89.38774127,0,40.99935046,417.5021898,188.3510689,1127.394933,4.791893856,10.40560718,134.2097114
E_H8 33 8 2 S19,E_H8,E,H,33,2,8,S19,588611.7899,5711577.716,35627,23/05/2019 18:12,17/06/2019 11:59,0,0,1,0,0,1,0,5,0,7,7,0,0,4.041878351,0,0,4.041878351,0,20.20939175,0,28.29314845,28.29314845,0,56.26835031,283.0216866,0,225.9294316,4.024790738,9.410925588,55.69709142,4.734158707,0.344694049,2.799833444,0.757758191,17.57024093,1.640889313,12076.40556,0.751384579,5.169964837,41.16268248,87.52265812,0,42.34473956,417.1964249,188.6390417,1132.578197,4.817544594,10.08359132,134.1639654
E_H9 36 74 3 S20,E_H9,E,H,36,3,74,S20,580840.0705,5714253.271,31627,16/06/2020 17:40,08/07/2020 16:47,0,0,0,0,3,7,0,2,0,12,12,0,0,0,0,13.65921523,31.8715022,0,9.106143485,0,54.63686091,54.63686091,0,193.7454949,456.0120925,1.502533443,429.0459786,7.406297908,10.73674226,48.88237076,0.108935553,6.101349928,2.175427703,0.270450739,11.29213685,1.73023623,16374.08878,47.27811183,95.48263387,12.39527062,168.1507649,4.053263046,9.177077401,15.0725222,185.7017617,1236.320919,10.61853096,27.30384435,221.1347119
E_H9 39 50 2 S19,E_H9,E,H,39,2,50,S19,580840.0705,5714253.271,30434,23/05/2019 14:04,13/06/2019 17:18,0,0,0,0,3,0,0,9,0,12,12,0,0,0,0,14.19465072,0,0,42.58395216,0,56.77860288,56.77860288,0,193.7454923,456.0120928,1.502533946,429.0459759,7.406298008,10.74188386,48.87160313,0.108935552,6.101349976,2.175427705,0.270450744,11.29213689,2.005154817,16974.1418,47.27811204,95.48263388,12.39527063,168.1507649,4.053263122,9.17707741,15.0725222,185.9264636,1236.661772,10.62977597,27.77582066,221.8337534
E_R1 27 27 1 S19,E_R1,E,R,27,1,27,S19,581028.928,5706372.997,30374,30/04/2019 13:18,21/05/2019 15:32,9,0,4,0,1,0,0,4,0,18,18,42.66807138,0,18.96358728,0,4.74089682,0,0,18.96358728,0,85.33614275,85.33614275,91.27270648,149.031533,834.5216363,76.69999116,96.84301223,11.34305555,8.039088272,55.04056026,0,0.30445067,3.339985633,0.583866961,13.54951507,1.622730451,21559.24424,0.6130029,5.439230895,0.631475249,127.1966611,9.123837785,112.3406751,626.5363266,155.4951977,955.0733291,4.802343443,20.1071318,108.702932
E_R1 6 63 3 S20,E_R1,E,R,6,3,63,S20,581765.5325,5706449.204,31990,15/06/2020 13:03,07/07/2020 18:13,0,0,2,0,5,0,0,0,0,7,7,0,0,9.002813379,0,22.50703345,0,0,0,0,31.50984683,31.50984683,70.74456908,152.2503083,222.0324134,31.15270817,79.86582237,0.919628992,12.58378732,59.3553667,0.653145966,0.35600177,4.294272577,0.596880697,15.1274632,1.661154801,22063.37308,1.174405286,5.02356978,22.68116399,130.3566176,0,8.574145732,503.6456538,223.1913568,1055.897905,9.258625355,26.05598787,115.8399745
E_R10 33 33 1 S19,E_R10,E,R,33,1,33,S19,579032.2884,5712440.277,30094,30/04/2019 16:22,21/05/2019 13:56,0,0,0,0,49,0,0,1,0,50,50,0,0,0,0,234.4653419,0,0,4.785006978,0,239.2503489,239.2503489,69.22909914,430.1861226,378.118406,55.27765907,328.450018,9.371818688,3.392250261,54.9025508,1.56266113,0.276552502,3.547573313,0.476737974,10.5793573,2.098552266,28555.03308,1.976650553,91.44359666,30.03193579,129.0398457,5.995488783,13.90359123,173.9175998,215.7872908,1176.77531,1.899494008,14.94350658,179.8468565
E_R10 6 61 1 S20,E_R10,E,R,6,1,61,S20,580454.4594,5709627.1,30178,28/04/2020 17:36,19/05/2020 16:34,2,0,1,0,3,0,0,33,0,39,39,9.543375969,0,4.771687985,0,14.31506395,0,0,157.4657035,0,186.0958314,186.0958314,68.01558401,122.2457178,458.2894475,62.72321352,475.2606956,7.812243145,8.073129544,57.30238137,0.299124121,0.324877314,2.378192747,0.03145405,13.3604185,1.769000594,19912.29531,2.454880342,7.085530326,31.15084338,123.8701629,4.56673753,64.11265467,480.8868705,164.8953021,1088.849647,6.993468,26.63678352,111.4791348
E_R11 15 40 1 S20,E_R11,E,R,15,1,40,S20,577404.3853,5712610.94,31633,27/04/2020 09:50,19/05/2020 09:03,0,4,1,0,3,0,0,2,0,10,10,0,18.20883255,4.552208137,0,13.65662441,0,0,9.104416274,0,45.52208137,45.52208137,126.7271706,714.4831997,1070.043933,71.06800062,1055.462551,0.449364026,1.711770456,70.87075364,0,0,2.89664937,0,10.81166784,1.692250325,32768.42944,0.347846121,6.793449914,0,150.0827253,0,2.893634912,288.1739441,283.7219362,1139.616675,1.028454422,7.471502252,176.7156242
E_R11 24 42 2 S19,E_R11,E,R,24,2,42,S19,577022.6702,5712219.807,30715,23/05/2019 11:24,13/06/2019 19:19,4,0,0,0,15,0,0,0,0,19,19,18.75305225,0,0,0,70.32394595,0,0,0,0,89.07699821,89.07699821,268.2374337,1069.374656,686.9714422,68.22980148,845.9810961,0.248910978,1.188352339,74.25730341,0,0,2.064923971,0,8.399892819,1.4248098,34082.56114,0,7.990114239,1.156768349,136.5657076,0,6.136925831,368.0607575,285.5797952,1092.372805,0,2.053668634,168.4625345
E_R12 20 58 2 S19,E_R12,E,R,20,2,58,S19,584904.1635,5711643.278,31581,22/05/2019 15:49,13/06/2019 14:10,3,0,0,0,1,0,0,1,0,5,5,13.67911086,0,0,0,4.559703619,0,0,4.559703619,0,22.7985181,22.7985181,110.4464359,369.5027051,273.5469823,51.14586964,117.384553,1.123109961,2.560412012,65.5278948,1.957815125,0.470951531,4.868374556,0.904506672,14.35531732,1.289410644,14446.53176,2.675958132,13.86443265,32.3482765,143.0414262,0,0,82.88678936,222.574224,1392.498477,1.808219882,25.14244006,142.5801152
E_R12 38 15 2 S20,E_R12,E,R,38,2,15,S20,584816.7623,5711855.73,31369,21/05/2020 18:13,12/06/2020 13:02,1,0,0,0,1,0,0,0,0,2,2,4.590519302,0,0,0,4.590519302,0,0,0,0,9.181038605,9.181038605,60.58553469,379.7236288,52.17079186,40.88764972,42.70841535,1.477431534,8.776262612,60.65344927,2.73093481,0.609612251,5.264291714,0.829639803,16.4408171,1.937715524,12081.10865,3.033734466,14.1395682,38.43513283,143.2918399,0,0,99.52665197,217.1538443,1373.309264,5.576724935,25.04016858,144.453145
E_R13 11 5 2 S19,E_R13,E,R,11,2,5,S19,579764.4846,5715203.748,30380,23/05/2019 14:41,13/06/2019 17:01,2,0,0,0,2,0,0,11,0,15,15,9.479921001,0,0,0,9.479921001,0,0,52.1395655,0,71.0994075,71.0994075,97.03010508,163.8938315,339.245749,88.35813044,385.8804698,3.177927486,14.57529207,50.41015192,4.51079834,0.56181688,3.197966662,0.610692655,14.39448827,1.868853318,20072.07063,2.343291855,86.44441063,28.23243951,158.7901676,0,7.194273176,15.05171314,210.8773635,1287.902247,14.57529207,29.67812179,189.7920317
E_R13 48 22 3 S20,E_R13,E,R,48,3,22,S20,579623.9734,5715228.124,31599,16/06/2020 18:25,08/07/2020 17:04,9,2,0,0,1,0,0,11,0,23,23,41.01395614,9.114212475,0,0,4.557106238,0,0,50.12816861,0,104.8134435,104.8134435,178.9526964,258.1549482,415.9662997,83.89513636,344.7807397,3.772998647,13.21858737,53.18762963,1.168326285,0.596835394,3.780368399,1.011507307,14.75386342,1.51772454,20378.32831,1.213761391,78.46808265,22.85642978,161.6445043,0,2.777784672,16.33133439,216.2282345,1292.208185,13.21858737,33.3723892,188.4983748
E_R14 42 4 1 S20,E_R14,E,R,42,1,4,S20,581833.4638,5714296.559,31579,27/04/2020 11:40,19/05/2020 09:59,1,0,0,0,5,0,0,0,0,6,6,4.5599924,0,0,0,22.799962,0,0,0,0,27.3599544,27.3599544,130.9687967,973.8102147,125.7515796,120.5474162,131.748358,0.886993767,0.483960001,71.60342824,0.798610005,0,2.698167173,0.512483271,9.825469406,1.28592646,31354.13223,0.259788083,96.19750552,31.49067639,165.2375944,0,0,15.0725222,247.4898316,1300.833519,0.479290862,12.04772233,169.2496931
E_R14 5 25 3 S19,E_R14,E,R,5,3,25,S19,581897.8895,5714371.796,34397,14/06/2019 15:51,08/07/2019 13:08,11,0,0,0,20,1,0,0,0,32,32,46.05052766,0,0,0,83.72823211,4.186411606,0,0,0,133.9651714,133.9651714,58.55149355,1063.273017,40.46121967,35.3398665,120.8833767,0.745950832,0.49781974,71.82426087,0.798610005,0,2.574072213,0.492149759,9.509576184,1.220635856,33177.67557,0,96.92433025,24.04756944,163.2483434,0,0,15.0725222,259.1060153,1304.214429,0.49781974,10.20244778,168.6684583
E_R15 3 39 3 S20,E_R15,E,R,3,3,39,S20,583026.1753,5715920.697,31903,22/06/2020 13:10,14/07/2020 16:53,0,0,0,0,1,0,0,0,0,1,1,0,0,0,0,4.513682099,0,0,0,0,4.513682099,4.513682099,124.3538618,331.8857222,232.7483829,68.67309568,233.8719903,0.289251148,7.231851207,64.64714737,0.66134774,0.170242942,2.823106135,0.654313335,10.47622514,1.496445276,38097.70482,0.54026203,10.57641915,1.35424642,164.8724602,0,1.498481935,59.43616979,255.6478047,1363.971134,6.88821078,27.03840439,151.1127583
E_R15 43 67 2 S19,E_R15,E,R,43,2,67,S19,582605.6064,5715667.314,34798,20/05/2019 11:18,13/06/2019 15:16,1,1,0,0,0,0,0,0,0,2,2,4.13816886,4.13816886,0,0,0,0,0,0,0,8.276337721,8.276337721,287.1827588,346.9805945,704.8658625,90.4585531,101.8673362,0.042785426,6.883286717,66.31668522,0,0.227552716,2.699034751,0.646879814,10.85655652,1.592879077,41595.72889,0.541268244,14.43056126,0.687461225,149.6717365,0,0,23.73750138,259.681773,1396.899943,6.465946405,24.26447115,156.4655024
E_R16 24 3x 3 S19,E_R16,E,R,24,3,3x,S19,580395.5274,5717143.034,32625,15/06/2019 18:45,08/07/2019 10:30,0,0,0,0,29,0,0,0,0,29,29,0,0,0,0,128,0,0,0,0,128,128,87.5827511,769.3761611,316.5092064,19.07097684,1055.479614,0.906844381,0.473312805,71.16067775,0.901001122,0,3.004228589,0,10.67418626,1.286771721,22454.93656,0.102385159,5.172415013,1.286047152,93.71641722,0,0,22.32600559,282.3645369,1560.657568,0.473312805,4.501708551,91.27208282
E_R16 25 43 2 S20,E_R16,E,R,25,2,43,S20,580161.0493,5717124.299,31595,21/05/2020 11:19,12/06/2020 09:54,0,1,0,0,0,0,0,1,0,2,2,0,4.557683178,0,0,0,0,0,4.557683178,0,9.115366355,9.115366355,121.9166271,873.4274265,138.9716961,79.63113825,1042.83539,1.036006886,1.848162456,70.34198977,0.901001122,0,2.853198121,0,10.88198789,1.445290733,23384.47454,0.041172247,4.703222912,1.57589809,96.39214907,0,0,22.4868413,283.7087212,1566.019411,1.357324292,3.841249789,80.92810718
E_R17 5 19 1 S20,E_R17,E,R,5,1,19,S20,582253.8666,5719558.857,31425,27/04/2020 16:08,19/05/2020 11:53,5,1,0,0,3,0,0,2,0,11,11,22.91169451,4.582338902,0,0,13.74701671,0,0,9.164677804,0,50.40572792,50.40572792,262.0853597,449.8929431,266.2065044,35.21537044,240.2779495,1.016804884,1.029074598,70.42935259,1.48520847,0.231242225,2.343373238,0.627937716,8.064706292,1.700843961,47873.89334,3.797061526,20.27250952,3.189956742,204.3764811,0,3.999065992,300.9314267,229.9784717,1047.975209,0.316848233,22.82955965,153.2724685
E_R17 7 7 1 S19,E_R17,E,R,7,1,7,S19,582550.3704,5718968.776,36044,28/04/2019 15:37,23/05/2019 16:21,1,0,0,0,1,0,0,3,0,5,5,3.995117079,0,0,0,3.995117079,0,0,11.98535124,0,19.9755854,19.9755854,191.6821866,514.5923087,198.682376,132.6783736,223.9200967,10.69314615,7.341437495,57.10348421,2.301168132,0,1.731383138,0.541081107,8.151278468,1.599648838,52339.30245,2.671542356,20.35532417,9.102304464,216.2982385,10.33945979,11.54075491,181.6669408,226.997787,1138.429229,4.15434724,33.97317475,172.4593774
E_R18 16 14 3 S20,E_R18,E,R,16,3,14,S20,579711.268,5719422.603,29930,16/06/2020 15:29,07/07/2020 10:19,0,0,0,0,0,0,0,0,0,0,0,0,0,0,0,0,0,0,0,0,0,0,50.44081587,235.3153872,540.336921,45.98509449,288.4981305,19.00131599,4.847403097,51.94786722,0,0.346279256,2.481494135,0.495317836,11.56867782,1.749094428,19443.01733,5.487490365,14.44713066,29.49007393,162.4401034,18.45758595,64.48189572,166.2991176,181.6486606,1301.37403,2.518690169,8.861484387,117.227478
E_R18 23 22 3 S19,E_R18,E,R,23,3,22,S19,579723.45,5719299.877,27207,15/06/2019 14:23,04/07/2019 11:50,2,2,0,0,26,0,0,2,0,32,32,10.58551108,10.58551108,0,0,137.6116441,0,0,10.58551108,0,169.3681773,169.3681773,72.75553977,323.1272008,659.7393687,65.3147557,377.7153783,15.88614235,2.967238284,54.98515111,0,0.279752404,2.650370438,0.37879081,12.14650707,1.650384481,23923.98005,5.462418426,14.03186422,19.75824332,158.0608345,15.38357093,57.58480745,167.1278733,195.3124105,1320.926939,2.535900667,10.69431962,109.5098829
E_R19 49 72 2 S19,E_R19,E,R,49,2,72,S19,583895.0168,5719605.051,40117,20/05/2019 14:28,17/06/2019 11:05,2,5,0,0,2,1,0,3,0,13,13,7.179001421,17.94750355,0,0,7.179001421,3.58950071,0,10.76850213,0,46.66350924,46.66350924,130.3790523,581.2827304,427.4445569,64.73421697,440.1330705,1.960348857,5.674381436,64.94509338,0.363901206,0,3.442730398,0.384892305,12.16721075,1.714686125,30543.46516,3.622405955,14.31602501,20.10973189,248.8206056,0.225914338,54.88539139,490.4244205,149.4656541,783.1986889,4.875549484,42.98481983,211.0028787
E_R19 50 67.2 2 S20,E_R19,E,R,50,2,67.2,S20,583773.5613,5720148.673,31499,21/05/2020 13:45,12/06/2020 10:44,0,3,0,0,2,1,0,9,0,15,15,0,13.7147211,0,0,9.143147402,4.571573701,0,41.14416331,0,68.57360551,68.57360551,98.02371025,334.0927637,983.8292207,96.0955757,641.700891,24.11918111,4.65072794,49.39124563,0,1.057393417,1.984912343,0,8.789175387,1.603965158,43552.98263,1.461917639,24.3302876,0.033075851,243.8834454,23.57216621,113.8954961,560.1599166,151.9809686,705.2705739,0.602932112,18.00796385,192.3945792
E_R2 22 22 1 S19,E_R2,E,R,22,1,22,S19,581049.2827,5704530.469,30581,30/04/2019 10:25,21/05/2019 16:06,1,0,0,0,5,0,0,0,0,6,6,4.708806121,0,0,0,23.54403061,0,0,0,0,28.25283673,28.25283673,101.283418,468.6639065,214.9701959,70.05744693,91.70678807,5.309316117,8.828377616,55.07639314,1.012397947,0.126813005,3.00390038,1.003589484,13.57233583,1.356294585,18866.94575,0.712729812,5.691154953,16.61326768,98.68828355,4.451513086,66.35721822,786.0492406,160.1179466,797.5118822,8.588970285,36.40332567,96.32020215
E_R2 23 47 2 S20,E_R2,E,R,23,2,47,S20,581286.5119,5704387.536,30602,22/05/2020 10:39,12/06/2020 16:41,11,9,1,0,2,0,0,2,0,25,25,51.76132279,42.35017319,4.705574799,0,9.411149598,0,0,9.411149598,0,117.63937,117.63937,74.4880623,206.0679238,328.0538498,65.66916239,138.8078077,1.602782306,15.32232711,51.60200025,2.522361624,0.354258165,3.669719261,1.250227134,15.59816633,1.995376145,15757.01614,0.811590863,5.964480725,17.2729159,109.9575403,0.073251195,35.88708045,760.7366101,186.8754148,787.7148664,15.08992866,36.79260333,94.97312521
E_R3 29 29 1 S19,E_R3,E,R,29,1,29,S19,582403.3121,5707159.971,30309,30/04/2019 14:01,21/05/2019 15:10,0,1,0,0,1,0,0,0,0,2,2,0,4.75106404,0,0,4.75106404,0,0,0,0,9.502128081,9.502128081,292.3433426,778.7360754,316.0609814,54.93823808,301.8453845,1.340801469,4.292356627,66.53313028,3.222946504,0,2.174051685,0.729002743,11.24061215,1.4427261,28185.07402,0.790216049,5.478777749,24.82997458,157.4418863,0,0.334488135,282.6745454,231.2147533,1238.565571,1.243575942,24.18727771,100.2268766
E_R3 44 2 1 S20,E_R3,E,R,44,1,2,S20,581830.9354,5707250.274,30330,28/04/2020 13:15,19/05/2020 14:45,3,3,0,0,1,0,0,1,0,8,8,14.24332344,14.24332344,0,0,4.747774481,0,0,4.747774481,0,37.98219585,37.98219585,192.6597924,929.44708,139.8249542,137.4456934,519.2735375,0.721178153,1.797035884,69.68577343,0.810597958,0,2.794448193,0,11.57138812,1.663892379,30844.96693,0.296792208,6.61764703,21.28391787,149.0319402,0,20.45535958,433.9130645,231.5844254,1100.770699,1.602341986,16.23791361,106.1676758
E_R4 30 35 3 S19,E_R4,E,R,30,3,35,S19,585264.3775,5710025.888,34809,14/06/2019 12:03,08/07/2019 16:12,0,0,0,0,32,0,0,0,0,32,32,0,0,0,0,132.379557,0,0,0,0,132.379557,132.379557,83.08360021,149.6855172,492.9916836,33.86318239,88.81891275,4.210919756,19.80332867,47.30387679,0.003030609,0.819783048,5.286725876,0.907399344,16.59484896,1.970738819,7652.863901,3.658765104,13.03629695,40.24917873,255.8145451,2.951659462,24.235159,58.92956226,163.4499257,1294.093171,17.63626054,52.62993411,148.051409
E_R4 31 13 2 S20,E_R4,E,R,31,2,13,S20,584947.1944,5710850.304,30261,22/05/2020 14:22,12/06/2020 14:43,5,1,0,0,0,0,0,0,0,6,6,23.79300089,4.758600178,0,0,0,0,0,0,0,28.55160107,28.55160107,124.5763181,341.585202,923.5687686,59.18522894,112.2386564,0.945700592,6.345407869,65.00982789,0,0.200323748,3.682707602,0.593896032,13.72849163,1.465408126,12831.16901,2.30949976,12.60686632,0.788140185,166.0660323,0.384493083,26.83860728,52.11565519,218.2657741,1395.361267,5.564550587,35.49827578,140.2305652
E_R5 14 30 3 S19,E_R5,E,R,14,3,30,S19,586175.7184,5709040.01,34682,14/06/2019 12:36,08/07/2019 14:38,2,4,0,0,3,0,0,0,0,9,9,8.304019376,16.60803875,0,0,12.45602906,0,0,0,0,37.36808719,37.36808719,93.86354392,556.0933766,314.7719935,67.30822453,312.7720256,2.683397448,6.969288042,58.74887159,1.075893916,0,3.387400103,0.816573824,15.16456332,1.6822132,15982.21542,2.596432273,15.26856625,43.50545647,547.6521356,0,0.835148498,69.78919254,182.8653372,1034.144132,6.174269534,47.10515627,134.3898181
E_R5 39 52 3 S20,E_R5,E,R,39,3,52,S20,586128.0964,5709061.672,31726,15/06/2020 15:13,07/07/2020 15:59,1,0,0,0,17,2,0,0,0,20,20,4.538864023,0,0,0,77.16068839,9.077728046,0,0,0,90.77728046,90.77728046,93.93774975,504.5056214,267.5003542,85.42624737,265.5055199,3.124094885,8.956335909,56.53307469,1.190350615,0,3.412306245,0.867297439,16.14917415,1.840120656,15631.37648,3.09367404,15.19551508,42.05646698,537.1795494,0,0.817249146,67.67774282,180.859048,1039.306235,7.949770865,48.15710557,132.7517637
E_R6 3 55 2 S19,E_R6,E,R,3,2,55,S19,583998.5775,5710581.885,31622,22/05/2019 14:27,13/06/2019 13:29,0,3,0,0,3,0,0,5,0,11,11,0,13.66137499,0,0,13.66137499,0,0,22.76895832,0,50.0917083,50.0917083,289.9466052,80.48459604,1120.383042,11.45265099,702.9361265,7.192966295,2.804635793,66.14910699,0,0.30338149,2.313793618,0,14.20415488,1.352746142,20299.48494,1.098365141,13.21369944,0,147.3322788,7.118277094,26.81081324,27.52448105,257.4837712,1420.397627,0.78196067,9.676957308,148.720339
E_R6 50 28 1 S20,E_R6,E,R,50,1,28,S20,583472.6288,5708873.925,30280,28/04/2020 13:46,19/05/2020 14:26,3,0,0,0,5,0,0,0,0,8,8,14.2668428,0,0,0,23.77807133,0,0,0,0,38.04491413,38.04491413,38.45117913,32.24641118,767.2928351,31.49317658,37.04810533,0.882649846,1.640739351,70.49167684,0,0.296223747,3.032507369,0.925347408,9.970121447,1.310247906,28913.20323,1.438547096,8.473801444,5.263377611,182.7400767,0,0,67.38814798,254.3955214,1394.380807,1.629616011,12.31203521,111.7922724
E_R7 48 5 3 S19,E_R7,E,R,48,3,5,S19,586201.4942,5713099.609,29845,18/06/2019 17:05,09/07/2019 10:30,0,3,0,0,13,1,0,0,0,17,17,0,14.4747864,0,0,62.72407438,4.824928799,0,0,0,82.02378958,82.02378958,60.28458734,118.6004173,472.5163312,58.30913306,531.4643383,15.78284724,1.183889883,57.49179037,0.078151244,0.881044694,2.559449406,0,9.077633774,1.548905164,16857.98382,2.006161258,12.22274737,24.72922997,106.5437843,12.6312516,86.27964204,453.6936293,178.6460272,1107.152596,0,1.142686343,105.842886
E_R8 25 38 3 S19,E_R8,E,R,25,3,38,S19,583143.6845,5712245.505,34313,14/06/2019 17:36,08/07/2019 13:29,1,1,0,0,0,0,0,1,0,3,3,4.196660158,4.196660158,0,0,0,0,0,4.196660158,0,12.58998047,12.58998047,53.25443657,622.2610294,268.871087,22.90449323,375.3509945,2.614335163,0.115745492,68.92183233,0.057529725,0,2.780617279,0.391007773,14.6220952,1.150617539,24951.80125,2.048203376,36.53196961,6.715068019,141.2678012,0,0.661974958,18.75307578,235.7038211,1417.340896,0.077728451,31.83812654,153.2474256
E_R8 27 74 2 S20,E_R8,E,R,27,2,74,S20,583993.1058,5712348.828,31429,21/05/2020 16:46,12/06/2020 12:35,0,0,0,0,0,0,0,1,0,1,1,0,0,0,0,0,0,0,4.581755703,0,4.581755703,4.581755703,30.14684138,155.8007432,553.6787309,27.72061154,320.2634384,0.667574574,4.104598031,67.92764686,0,0.490694655,3.578230447,0.429533319,14.26386761,1.442316485,15206.60207,1.953712524,15.72523279,1.594418935,138.4654609,0,0,50.28875279,267.3387219,1385.300265,2.570255081,11.27397183,163.4302697
E_R9 10 32 3 S19,E_R9,E,R,10,3,32,S19,583163.2313,5711806.21,34292,14/06/2019 18:08,08/07/2019 13:40,0,0,0,0,1,0,0,1,0,2,2,0,0,0,0,4.199230141,0,0,4.199230141,0,8.398460282,8.398460282,95.73278747,621.2901105,557.9311837,30.91085024,664.9342076,1.93714231,1.164380192,71.43766651,0,0,1.911656887,0,11.84204799,0.869843715,27002.72393,1.274142701,18.01015325,0.057529725,128.1994892,0,0,28.91552509,264.8036195,1442.993695,0.51997542,15.82764832,144.8316245
E_R9 32 53 3 S20,E_R9,E,R,32,3,53,S20,583420.9256,5711494.857,32858,15/06/2020 19:21,08/07/2020 14:59,1,1,0,0,35,2,0,1,0,40,40,4.38249437,4.38249437,0,0,153.3873029,8.764988739,0,4.38249437,0,175.2997748,175.2997748,211.1324785,351.8428179,808.0810065,92.2112575,344.500709,0.774583109,4.74422675,71.15793803,0,0.185040636,2.117491773,0.438802742,12.00427731,1.294001,17948.27917,0.931228027,13.65865413,0.057529725,112.4136535,0,0,28.91552509,278.6650626,1452.349691,2.737177522,7.093890141,151.1519838
E_Rersatz7 50 6 3 S20,E_Rersatz7,E,R,50,3,6,S20,586590.4046,5713171.869,30104,15/06/2020 16:51,06/07/2020 14:35,0,0,1,0,0,0,0,2,0,3,3,0,0,4.783417486,0,0,0,0,9.566834972,0,14.35025246,14.35025246,90.70611064,149.1072975,858.7262254,86.53950188,705.9162026,40.85154959,0.37012007,35.01599731,0,0.569945345,1.427837466,0,5.490721682,1.300253718,16276.89937,1.485149017,11.65523178,2.286050775,117.8819485,39.92004795,113.3851475,504.6661783,175.2194087,1046.606172,0,1.490731962,106.2440851
